City,Region,Country,Code,Year,Total Population,Served Population,Water Length,Percent Served
Gaborone,Africa,Botswana,104,2015,2187477.0,1974014.0,2411.0,0.9024158882584823
Bloemfontein,Africa,South Africa,FS172,2015,488316.0,488316.0,3658.0,1.0
City Of Johannesburg,Africa,South Africa,ZA001,2015,3874111.2,3866343.3,10878.0,0.99799492074466
Pretoria,Africa,South Africa,ZA002,2015,2643454.4,2643454.4,10762.0,1.0
Van der Bijl Park,Africa,South Africa,ZA421,2015,646700.0,643800.0,2720.0,0.9955156950672646
Durban,Africa,South Africa,KZ000,2015,3426077.0,3426077.0,12246.0,1.0
Cape Town,Africa,South Africa,WC000,2015,3657894.4,3657894.4,10616.0,1.0
Paarl,Africa,South Africa,WC023,2015,280195.0,279613.9,1273.0,0.997926087189279
Stellenbosch,Africa,South Africa,WC024,2015,143616.0,135910.5,502.0,0.9463465073529411
Chipata ,Africa,Zambia,213,2015,276840.0,227022.0,3328.0,0.8200476809709579
Lusaka ,Africa,Zambia,211,2015,2246825.0,1862781.0,1669.0,0.8290725801964995
Chingola,Africa,Zambia,215,2015,489160.0,475152.0,579.0,0.97136315316052
Kitwe,Africa,Zambia,220,2015,753782.0,721910.0,729.0,0.9577172179754889
Kathmandu,South-East Asia,Nepal,31,2015,2560000.0,2059940.0,1315.0,0.8046640625
Oslo,Europe,Norway,7941,2015,649000.0,649000.0,1565.0,1.0
Kigali,Africa,Rwanda,2222,2015,2645067.0,2253490.0,7255.0,0.8519595155812688
Maseru,Africa,Lesotho,LET1,2015,509803.0,340524.0,1907.11,0.6679521305288514
Kampala,Africa,Uganda,210,2015,5486379.0,4025325.0,8525.0,0.7336943000109909
Son La City,Western Pacific,Vietnam,A03.1.B,2015,212000.0,202320.0,230.0,0.9543396226415094
Lai Chau Town,Western Pacific,Vietnam,A02.1.B,2015,69030.0,61800.0,89.49,0.8952629291612343
Lao Cai City,Western Pacific,Vietnam,A05.1.B,2015,242321.0,200680.0,146.29,0.8281576916569344
Ha Giang Town,Western Pacific,Vietnam,A06.1.B,2015,52400.0,39108.0,106.7,0.7463358778625954
Cao Bang Town,Western Pacific,Vietnam,A07.1.B,2015,102265.0,80455.0,166.89,0.7867305529751136
Viet Tri Town,Western Pacific,Vietnam,A11.1.B,2015,450000.0,365000.0,234.0,0.8111111111111111
Yen Bai City,Western Pacific,Vietnam,A10.1.B,2015,99000.0,69000.0,179.0,0.696969696969697
Tuyen Quang City,Western Pacific,Vietnam,A12.1.B,2015,157798.0,152796.18,464.85,0.9683023865955208
Bac Ninh City,Western Pacific,Vietnam,B03.1.B,2015,220310.0,200500.0,254.0,0.9100812491489265
Bac Giang City,Western Pacific,Vietnam,A15.1.B,2015,190987.0,175571.0,80.1,0.9192824642514935
Bac Kan Town,Western Pacific,Vietnam,A13.1.B,2015,56722.0,51771.0,35.65,0.9127146433482599
Lang Son ,Western Pacific,Vietnam,A08.1.B,2015,702745.0,168944.0,294.79,0.24040583711018934
Thai Nguyen City,Western Pacific,Vietnam,A14.1.B ,2015,904011.0,269196.0,672.35,0.297779562416829
Phuc Yen Town,Western Pacific,Vietnam,B02.2.B,2015,113300.0,85312.0,266.6,0.7529744042365402
Ha Noi City,Western Pacific,Vietnam,B01.4.B,2015,277926.0,139624.0,266.8,0.5023783309226197
Ha Noi City,Western Pacific,Vietnam,B01.3.B,2015,1233800.0,354936.0,201.85,0.2876770951531853
Ha Noi City,Western Pacific,Vietnam,B01.1.B,2015,3280000.0,3280000.0,1905.0,1.0
Hung Yen City,Western Pacific,Vietnam,B09.1.B,2015,193580.0,54188.0,179.9,0.2799256121500155
Hai Duong City,Western Pacific,Vietnam,B07.1.B,2015,930000.0,724104.0,1249.0,0.7786064516129032
Hai Phong City,Western Pacific,Vietnam,B08.1.B,2015,1103048.0,1064456.0,220.58,0.9650133085776865
Thai Binh City,Western Pacific,Vietnam,B10.1.B,2015,268000.0,253050.0,159.2,0.9442164179104477
Nam Dinh City,Western Pacific,Vietnam,B05.1.B,2015,511800.0,506700.0,1483.1,0.9900351699882767
Ninh Binh City,Western Pacific,Vietnam,B06.1.B,2015,341176.0,191641.0,270.0,0.5617071540788332
Phu Ly City,Western Pacific,Vietnam,B04.1.B,2015,131494.0,115234.0,135.0,0.8763441677947282
Thanh Hoa City,Western Pacific,Vietnam,C01.1.B,2015,722164.0,558891.0,2337.0,0.7739114660935743
Vinh City,Western Pacific,Vietnam,C02.1.B,2015,414810.67,362960.14,188.34,0.8750019376309679
Dong Hoi City,Western Pacific,Vietnam,C04.1.B,2015,189580.0,145030.0,268.0,0.7650068572634244
Dong Ha City,Western Pacific,Vietnam,C05.1.B,2015,202337.0,183461.0,422.59,0.906710092568339
Da Nang City,Western Pacific,Vietnam,C07.1.B,2015,1028838.0,915697.0,2324.36,0.8900303060345749
Tam Ky City,Western Pacific,Vietnam,C08.2.B,2015,370000.0,204565.2,341.0,0.5528789189189189
Quang Ngai City,Western Pacific,Vietnam,C09.1.B,2015,209165.0,86196.0,65.52,0.412095713910071
Quy Nhon City,Western Pacific,Vietnam,C10.1.B,2015,488695.7,382854.0,682.21,0.7834200300923458
Arusha,Africa,Tanzania,TZ001,2015,444365.0,364379.0,309.0,0.8199993248793221
Babati,Africa,Tanzania,TZ 2,2015,102335.0,90055.0,142.9,0.880001954365564
Bukoba,Africa,Tanzania,TZ 3,2015,139306.0,108306.0,83.6,0.7774683071798774
Dodoma,Africa,Tanzania,TZ 4,2015,444490.0,361814.0,313.3,0.8139980651983172
Dar es Salaam,Africa,Tanzania,TZ 5,2015,4592454.0,2847321.0,1862.0,0.6199998954807169
Iringa,Africa,Tanzania,TZ 6,2015,152345.0,145369.0,424.8,0.954209196232236
Ujiji,Africa,Tanzania,TZ 7,2015,233218.0,162046.0,231.0,0.6948262998567863
Lindi,Africa,Tanzania,TZ 8,2015,81343.0,51246.0,136.2,0.6299988935741244
Mbeya,Africa,Tanzania,TZ 9,2015,413643.0,401647.0,718.0,0.9709991466070984
Morogoro,Africa,Tanzania,TZ 10,2015,362529.0,326276.1,346.1,0.8999999999999999
Moshi,Africa,Tanzania,TZ 11,2015,205816.0,205816.0,399.6,1.0
Mtwara,Africa,Tanzania,TZ 12,2015,114449.0,103004.0,225.5,0.8999991262483726
Mara,Africa,Tanzania,TZ 13,2015,151099.0,114835.0,123.2,0.7599984116374033
Mwanza,Africa,Tanzania,TZ 14,2015,823551.0,749431.0,666.1,0.9099995021559077
Shinyanga,Africa,Tanzania,TZ 15,2015,169239.0,103236.0,504.9,0.6100012408487405
Singida,Africa,Tanzania,TZ 16,2015,160996.0,104647.0,262.6,0.6499975154662228
Songea,Africa,Tanzania,TZ 17,2015,218941.0,154791.0,330.6,0.7069986891445641
Sumbawanga,Africa,Tanzania,TZ 18,2015,136414.0,84577.0,134.0,0.6200023458002845
Tabora,Africa,Tanzania,TZ 19,2015,234598.0,187678.0,276.2,0.7999982949556262
Tuy Hoa City,Western Pacific,Vietnam,C11.1.B,2015,249375.0,223380.0,518.23,0.8957593984962406
Nha Trang City,Western Pacific,Vietnam,C12.1.B,2015,464400.0,437929.0,827.22,0.9429995693367786
Thap Cham Town,Western Pacific,Vietnam,C13.1.B,2015,286400.0,217700.0,92.6,0.7601256983240223
Phan Thiet City,Western Pacific,Vietnam,C14.1.B,2015,326960.0,249800.0,488.9,0.7640078297039393
Buon Ma Thuot City,Western Pacific,Vietnam,D03.1.B,2015,371100.0,344000.0,24.2,0.9269738614928591
Da Lat City,Western Pacific,Vietnam,D05.1.B,2015,349851.0,253900.0,220.29,0.7257375282620315
Vung Tau City,Western Pacific,Vietnam,E06.1.B,2015,745672.2,714504.0,325.0,0.9582012042288824
Thu Dau Mot City,Western Pacific,Vietnam,E02.1.B,2015,1798551.0,1258985.7,2309.0,0.7
Bien Hoa City,Western Pacific,Vietnam,E05.1.B,2015,946080.0,873720.0,1107.18,0.9235159817351598
Vi Thanh City,Western Pacific,Vietnam,F05.1.B,2015,186504.0,156456.0,471.0,0.8388881739801828
Ho Chi Minh City,Western Pacific,Vietnam,E01.1.B,2015,8553474.0,8247829.0,6125.0,0.9642665658421362
Tay Ninh Town,Western Pacific,Vietnam,E04.1.B,2015,225000.0,112445.0,356.97,0.49975555555555556
Rach Gia City,Western Pacific,Vietnam,F10.1.B,2015,1409160.0,442085.0,801.46,0.3137223594197962
Ben Tren City,Western Pacific,Vietnam,F08.1.B,2015,572003.8,264491.5,472.85,0.4623946554201213
Tra Vinh City,Western Pacific,Vietnam,F13.1.B,2015,212710.0,187440.0,314.58,0.8811997555357058
Vinh Long City,Western Pacific,Vietnam,F03.1.B,2015,257600.0,218600.0,579.74,0.8486024844720497
Can Tho City,Western Pacific,Vietnam,F01.1.B,2015,261112.0,195000.0,434.0,0.7468059683201078
Soc Trang City,Western Pacific,Vietnam,F07.1.B,2015,368033.0,308201.0,721.08,0.8374276219795508
Bac Lieu City,Western Pacific,Vietnam,F09.1.B,2015,155000.0,118872.0,138.98,0.766916129032258
Tanga,Africa,Tanzania,TZ 20,2015,282955.0,277296.0,608.7,0.9800003534130869
Astana,Europe,Kazakhstan,KZ1,2015,861968.0,595000.0,1212.1,0.6902808456926475
Karaganda,Europe,Kazakhstan,KZ2,2015,505433.0,394600.0,1040.0,0.7807167319901945
Almaty Oblast,Europe,Kazakhstan,KZ4,2015,170000.0,98600.0,471.5,0.58
Semipalatinsk,Europe,Kazakhstan,KZ5,2015,339254.0,192100.0,455.32,0.5662424024477235
Kokshetau,Europe,Kazakhstan,KZ7,2015,145850.0,129254.0,299.41,0.8862118615015426
Ridder,Europe,Kazakhstan,KZ9,2015,58041.0,42440.0,124.8,0.7312072500473803
Ust Kamenogorsk,Europe,Kazakhstan,KZ10,2015,328600.0,268900.0,839.2,0.8183201460742544
Uralsk,Europe,Kazakhstan,KZ11,2015,243198.0,243198.0,429.7,1.0
Kostanai,Europe,Kazakhstan,KZ12,2015,195100.0,189500.0,527.0,0.9712967708867247
Pavlodar,Europe,Kazakhstan,KZ13,2015,350200.0,264187.0,457.6,0.7543889206167904
Shymkent,Europe,Kazakhstan,KZ14,2015,858100.0,721700.0,1852.5,0.8410441673464631
Aktyubinsk,Europe,Kazakhstan,KZ15,2015,478000.0,282000.0,1077.0,0.5899581589958159
Zyryanovsk,Europe,Kazakhstan,KZ16,2015,38013.0,33045.0,265.45,0.869307868360824
Atyrau,Europe,Kazakhstan,KZ17,2015,246103.0,246103.0,1041.42,1.0
Taraz,Europe,Kazakhstan,KZ18,2015,356983.0,270647.0,526.02,0.7581509483644879
Ekibastuz,Europe,Kazakhstan,KZ19,2015,155681.0,135972.0,541.3,0.8734013784597993
Kyzylorda,Europe,Kazakhstan,KZ20,2015,182900.0,182897.0,552.1,0.9999835975943139
Petropavlovsk,Europe,Kazakhstan,KZ22,2015,209529.0,185277.0,326.3,0.8842546855089272
Dire Dawa,Africa,Ethiopia,ETDD1,2015,277000.0,166518.15,249.06,0.6011485559566787
Jimma,Africa,Ethiopia,ETOR28,2015,177943.0,95156.0,104.0,0.5347555115964101
Mekelle,Africa,Ethiopia,ETTG7,2015,323700.0,186955.0,529.1,0.5775563793636083
Adama,Africa,Ethiopia,ET6,2015,447346.0,214785.0,442.79,0.4801317101304136
Bashkia Puke,Europe,Albania,UM001,2015,5273.67,2737.42,20.3,0.5190730553864766
Sarande,Europe,Albania,UM002,2015,44122.5,44122.5,53.84,1.0
Vau Dejes,Europe,Albania,UM003,2015,12573.0,5678.0,33.9,0.45160264057901855
Tropoje,Europe,Albania,UM004,2015,9313.58,6930.67,60.0,0.7441467190919067
Berat Kucove,Europe,Albania,UM006,2015,116689.5,105704.5,508.56,0.9058612814349192
Lezhe,Europe,Albania,UM007,2015,36985.58,35887.42,63.0,0.9703084283117906
Pogradec ,Europe,Albania,UM008,2015,61758.33,60767.92,108.53,0.9839631350135277
Korce,Europe,Albania,UM009,2015,89000.0,89000.0,130.23,1.0
Elber ,Europe,Albania,UM010,2015,116000.0,116000.0,272.7,1.0
Shkoder ,Europe,Albania,UM011,2015,75414.0,21532.0,195.05,0.28551727795899967
Permet,Europe,Albania,UM012,2015,13275.0,9383.33,39.6,0.7068421845574387
Vlore,Europe,Albania,UM013,2015,139220.83,136782.83,447.0,0.9824882526558706
Durres ,Europe,Albania,UM014,2015,379000.0,309581.17,650.0,0.8168368601583113
Tirane ,Europe,Albania,UM015,2015,884802.17,844802.17,2267.78,0.9547921542733107
Bushat,Europe,Albania,UM016,2015,39138.0,31192.67,121.4,0.7969919260054167
Novosele ,Europe,Albania,UM021,2015,18539.0,9008.0,78.56,0.48589460057176764
Kelcyre,Europe,Albania,UM022,2015,2130.0,1918.0,10.8,0.9004694835680751
Puke,Europe,Albania,UM024,2015,12000.0,2350.0,133.0,0.19583333333333333
Shkoder-rural,Europe,Albania,UM026,2015,113814.0,84006.33,138.0,0.7381019031050662
Elbasan-rural,Europe,Albania,UM027,2015,104772.0,59695.83,230.0,0.5697689268125071
Korce-rural,Europe,Albania,UM028,2015,2580.0,2297.0,30.0,0.8903100775193798
Lushnje-rural,Europe,Albania,UM029,2015,56250.0,26220.0,112.5,0.46613333333333334
Gjirokaster - rural ,Europe,Albania,UM030,2015,36290.67,28727.33,103.0,0.7915899596232311
Rubik ,Europe,Albania,UM031,2015,7930.75,2385.0,16.5,0.3007281782933518
Bilisht ,Europe,Albania,UM032,2015,12700.0,11173.25,52.3,0.8797834645669291
Mirdite ,Europe,Albania,UM033,2015,9089.0,6074.0,19.8,0.6682803388711629
Fush Arrez ,Europe,Albania,UM034,2015,4800.0,1884.0,28.61,0.3925
Rrogozhine ,Europe,Albania,UM035,2015,21662.92,14105.0,46.3,0.6511125923929
Fier ,Europe,Albania,UM036,2015,134000.0,123000.0,329.0,0.917910447761194
Librazhd ,Europe,Albania,UM037,2015,19101.0,18382.0,45.02,0.9623579917281818
Fush-Kruje ,Europe,Albania,UM038,2015,24518.0,9616.0,17.3,0.39220164776898603
Kavaje ,Europe,Albania,UM039,2015,96167.0,58128.0,263.0,0.6044485114436345
Mallakaster ,Europe,Albania,UM040,2015,38852.0,29428.0,56.25,0.7574384845053022
Gjirokaster,Europe,Albania,UM041,2015,1572.5,1441.67,164.17,0.9168012718600954
Lushnje,Europe,Albania,UM042,2015,79636.0,52875.0,72.0,0.6639585112260786
Libohove .,Europe,Albania,UM043,2015,4104.0,2982.0,48.55,0.7266081871345029
Selenice ,Europe,Albania,UM044,2015,7000.0,7000.0,21.2,1.0
Peqin ,Europe,Albania,UM045,2015,16531.67,15131.67,49.0,0.9153140608299102
Peshkopi ,Europe,Albania,UM046,2015,31000.0,31000.0,68.0,1.0
Gramsh ,Europe,Albania,UM047,2015,21479.75,21479.75,101.6,1.0
Burrel,Europe,Albania,UM049,2015,22440.0,22440.0,49.0,1.0
Bulqize ,Europe,Albania,UM050,2015,15895.0,12118.17,33.5,0.7623888015099087
Tepelene ,Europe,Albania,UM051,2015,16107.0,8791.0,74.48,0.5457875457875457
Polican ,Europe,Albania,UM052,2015,9900.0,9900.0,50.0,1.0
Erseke ,Europe,Albania,UM053,2015,7575.0,6300.0,38.0,0.8316831683168316
Has ,Europe,Albania,UM054,2015,13489.0,8622.5,79.2,0.6392245533397584
Corovode ,Europe,Albania,UM055,2015,5904.58,5238.75,28.68,0.8872349938522299
Kukes ,Europe,Albania,UM057,2015,40000.0,40000.0,115.65,1.0
Kurbin ,Europe,Albania,UM058,2015,69292.33,28373.33,64.0,0.4094728810533576
Delvine ,Europe,Albania,UM059,2015,13387.25,11406.5,26.2,0.852042054940335
Divjake,Europe,Albania,UM060,2015,14033.92,14033.92,51.0,1.0
Ura-Vajgurore ,Europe,Albania,UM061,2015,14425.0,10207.0,26.34,0.7075909878682842
Kraste .,Europe,Albania,UM062,2015,17060.0,17060.0,124.5,1.0
Patos ,Europe,Albania,UM063,2015,60000.0,23154.0,67.0,0.3859
Kamez Sh.a.,Europe,Albania,UM064,2015,90066.0,40768.0,68.7,0.4526458374969467
Yerevan ,Europe,Armenia,AR1,2015,1200000.0,1149148.0,2600.0,0.9576233333333334
National,Europe,Armenia,AR2,2015,639101.0,517671.0,5900.4,0.8099987325946916
Gyumri,Europe,Armenia,AR3,2015,154915.0,154915.0,1192.0,1.0
Vanadzor,Europe,Armenia,AR4,2015,89428.0,89428.0,757.0,1.0
Armavir,Europe,Armenia,AR5,2015,46124.0,40887.0,339.54,0.8864582429971382
Zvornik,Europe,Bosnia and Herzegovina,BH2,2015,67000.0,41180.0,165.2,0.6146268656716418
Bosanska Krupa,Europe,Bosnia and Herzegovina,BH4,2015,25545.0,20556.0,158.65,0.804697592483852
Cazin,Europe,Bosnia and Herzegovina,BH6,2015,66069.0,60000.0,563.0,0.9081414884438995
Gradacac,Europe,Bosnia and Herzegovina,BH7,2015,39148.0,21000.0,82.0,0.5364258710534382
Hadži?i,Europe,Bosnia and Herzegovina,BH9,2015,27000.0,23854.0,156.75,0.8834814814814815
Jaice,Europe,Bosnia and Herzegovina,BH10,2015,25000.0,15820.0,46.5,0.6328
Livno,Europe,Bosnia and Herzegovina,BH11,2015,13072.0,12450.0,120.0,0.9524173806609547
Sarajevo,Europe,Bosnia and Herzegovina,BH15,2015,405000.0,405000.0,1150.0,1.0
Travnik,Europe,Bosnia and Herzegovina,BH17,2015,22867.0,8402.0,22.0,0.367429046223816
Tuzla,Europe,Bosnia and Herzegovina,BH18,2015,110979.0,104000.0,630.0,0.9371142288180647
Velika Kladuša,Europe,Bosnia and Herzegovina,BH19,2015,45000.0,42800.0,650.0,0.9511111111111111
Banja Luka,Europe,Bosnia and Herzegovina,BH21,2015,199191.0,186000.0,775.0,0.9337771284847207
Modri?a,Europe,Bosnia and Herzegovina,BH22,2015,17000.0,17000.0,94.0,1.0
Banovici,Europe,Bosnia and Herzegovina,BH23,2015,15300.0,11428.0,116.0,0.7469281045751635
Braza,Europe,Bosnia and Herzegovina,BH24,2015,15000.0,11300.0,59.0,0.7533333333333333
Istocno Sarajevo,Europe,Bosnia and Herzegovina,BH27,2015,32500.0,32500.0,216.81,1.0
Bia?ystok,Europe,Poland,PL1,2015,311000.0,308023.0,1111.4,0.990427652733119
Bielsko-Biala,Europe,Poland,PL2,2015,265890.0,174500.0,1997.1,0.6562864342397232
Bydgoszcz,Europe,Poland,PL3,2015,357652.0,357005.0,1033.17,0.9981909789404225
Cz?stochowa,Europe,Poland,PL4,2015,327684.0,258033.0,2397.0,0.7874446112718351
Gda?sk,Europe,Poland,PL5,2015,572944.0,572944.0,1520.06,1.0
Gdynia,Europe,Poland,PL6,2015,380000.0,378830.0,1275.3,0.9969210526315789
Grodzisk Mazowiecki,Europe,Poland,PL7,2015,42485.0,32000.0,426.2,0.7532070142403201
Jastrz?bie Zdrój,Europe,Poland,PL8,2015,97011.0,97011.0,539.9,1.0
Katowice,Europe,Poland,PL9,2015,301834.0,271952.0,1002.01,0.9009985621235513
Kraków,Europe,Poland,PL10,2015,762500.0,757200.0,2170.0,0.9930491803278688
Kruszwica,Europe,Poland,PL11,2015,17350.0,15010.0,281.0,0.8651296829971181
Lublin,Europe,Poland,PL14,2015,354738.0,321230.0,958.2,0.9055415546121363
Nowy S?cz,Europe,Poland,PL15,2015,100000.0,90000.0,703.5,0.9
Ostrów Wielkopolski,Europe,Poland,PL16,2015,72754.0,72754.0,459.1,1.0
Pozna?,Europe,Poland,PL18,2015,771900.0,756462.0,2340.0,0.98
Siedlce,Europe,Poland,PL21,2015,93500.0,88100.0,561.4,0.9422459893048128
Sosnowiec,Europe,Poland,PL22,2015,207634.0,197252.3,601.4,0.95
Suwa?ki,Europe,Poland,PL24,2015,69455.0,69151.0,231.1,0.9956230652940753
Szczecin,Europe,Poland,PL25,2015,407133.0,406726.0,1293.6,0.9990003266745756
Tarnów,Europe,Poland,PL26,2015,150300.0,145200.0,1218.6,0.9660678642714571
Warszawa,Europe,Poland,PL29,2015,2006971.0,2006971.0,4135.6,1.0
W?oc?awek,Europe,Poland,PL30,2015,108002.0,106186.0,347.65,0.9831854965648784
Wrze?nia,Europe,Poland,PL31,2015,44555.0,31000.0,492.2,0.6957692739310964
Zielona Góra,Europe,Poland,PL32,2015,124000.0,124000.0,641.7,1.0
?ywiec,Europe,Poland,PL33,2015,32000.0,29943.0,297.8,0.93571875
Zabierzów,Europe,Poland,PL35,2015,24707.0,24459.93,230.6,0.99
Abakan,Europe,Russia,20001,2015,179160.0,179160.0,286.1,1.0
Anadyr,Europe,Russia,20003,2015,14900.0,14900.0,51.9,1.0
Arkhangelsk,Europe,Russia,RU 75,2015,351230.0,351230.0,652.3,1.0
Astrakhan,Europe,Russia,20005,2015,531720.0,531720.0,1356.6,1.0
Barnaul,Europe,Russia,20006,2015,661009.0,661009.0,1087.2,1.0
Belgorod,Europe,Russia,20007,2015,387090.0,387090.0,1140.4,1.0
Birobidzhan,Europe,Russia,20008,2015,74560.0,74560.0,137.4,1.0
Blagoveschensk,Europe,Russia,20009,2015,224340.0,224340.0,375.4,1.0
Bryansk,Europe,Russia,20010,2015,405920.0,405920.0,892.7,1.0
Cheboksary,Europe,Russia,20011,2015,481000.0,481000.0,614.0,1.0
Chelyabinsk,Europe,Russia,20012,2015,1191990.0,1191990.0,1877.2,1.0
Cherkessk,Europe,Russia,20013,2015,123130.0,123130.0,339.0,1.0
Chita,Europe,Russia,20014,2015,343510.0,343510.0,303.7,1.0
Ekaterinburg,Europe,Russia,20016,2015,1444440.0,1444440.0,1745.1,1.0
Elista,Europe,Russia,20017,2015,104010.0,104010.0,479.3,1.0
Gorno-Altaysk,Europe,Russia,20018,2015,62860.0,62860.0,133.2,1.0
Irkutsk,Europe,Russia,20019,2015,623420.0,623420.0,959.5,1.0
Ivanovo,Europe,Russia,20020,2015,409000.0,310300.0,857.67,0.758679706601467
Izhevsk,Europe,Russia,20021,2015,701017.0,701017.0,979.5,1.0
Kaliningrad,Europe,Russia,20022,2015,459560.0,459560.0,1045.8,1.0
Kaluga,Europe,Russia,20023,2015,341990.0,341990.0,732.5,1.0
Kazan,Europe,Russia,20024,2015,1216970.0,1216970.0,1841.6,1.0
Kemerovo,Europe,Russia,20025,2015,553080.0,553080.0,1520.9,1.0
Khabarovsk,Europe,Russia,20026,2015,611160.0,611160.0,930.4,1.0
Khanty-Mansiysk,Europe,Russia,20027,2015,96940.0,96940.0,143.4,1.0
Kirov,Europe,Russia,20028,2015,496990.0,496990.0,898.4,1.0
Kostroma,Europe,Russia,20029,2015,276690.0,276690.0,531.0,1.0
Krasnodar,Europe,Russia,20030,2015,853850.0,853850.0,1782.9,1.0
Krasnoyarsk,Europe,Russia,20031,2015,1066930.0,1066930.0,1257.3,1.0
Kurgan,Europe,Russia,20033,2015,325190.0,325190.0,563.0,1.0
Kursk,Europe,Russia,20034,2015,443210.0,443210.0,909.7,1.0
Kyzyl,Europe,Russia,20035,2015,115870.0,115870.0,83.9,1.0
Lipetsk,Europe,Russia,20036,2015,510020.0,510020.0,1116.5,1.0
Magadan,Europe,Russia,20037,2015,92080.0,92080.0,232.9,1.0
Maikop,Europe,Russia,20038,2015,166989.0,166989.0,639.3,1.0
Makhachkala,Europe,Russia,20039,2015,587880.0,587880.0,934.1,1.0
Moscow,Europe,Russia,20040,2015,12179140.0,12179140.0,12844.2,1.0
Murmansk,Europe,Russia,20041,2015,305804.0,305804.0,365.3,1.0
Nalchik,Europe,Russia,20042,2015,239040.0,239040.0,632.6,1.0
Naryan-Mar,Europe,Russia,20043,2015,24540.0,24540.0,38.0,1.0
Nizhni Novgorod,Europe,Russia,20045,2015,1286129.0,1286129.0,2001.9,1.0
Novgorod,Europe,Russia,20046,2015,221870.0,221870.0,583.3,1.0
Novosibirsk,Europe,Russia,20047,2015,1642981.0,1642981.0,2170.2,1.0
Omsk,Europe,Russia,20048,2015,1178080.0,1178080.0,1819.4,1.0
Orenburg,Europe,Russia,20049,2015,575590.0,552660.0,1497.72,0.9601626157507949
Oryol,Europe,Russia,20050,2015,319650.0,319650.0,621.3,1.0
Penza,Europe,Russia,20052,2015,524630.0,524630.0,1019.8,1.0
Perm,Europe,Russia,RU 57,2015,1041880.0,1041880.0,1355.4,1.0
Petropavlovsk-Kamchatsky,Europe,Russia,20054,2015,180960.0,180960.0,541.1,1.0
Petrozavodsk,Europe,Russia,RU 78,2015,277110.0,277110.0,454.2,1.0
Pskov,Europe,Russia,20056,2015,226311.0,226311.0,409.3,1.0
Rostov-na-Donu,Europe,Russia,20057,2015,1119880.0,1119880.0,2509.8,1.0
Ryazan,Europe,Russia,20058,2015,534760.0,534760.0,868.8,1.0
Salekhard,Europe,Russia,20059,2015,48470.0,48470.0,209.6,1.0
Samara,Europe,Russia,20060,2015,1170910.0,1170910.0,1760.6,1.0
Saransk,Europe,Russia,20061,2015,300280.0,300280.0,502.2,1.0
Saratov,Europe,Russia,20062,2015,843460.0,843460.0,1864.5,1.0
Smolensk,Europe,Russia,20063,2015,328910.0,328910.0,510.5,1.0
St.Petersburg,Europe,Russia,20064,2015,5225690.0,5225690.0,7131.9,1.0
Stavropol,Europe,Russia,20065,2015,429800.0,429800.0,861.2,1.0
Syktyvkar,Europe,Russia,20066,2015,243540.0,243540.0,413.4,1.0
Tambov,Europe,Russia,20067,2015,341683.0,341683.0,717.3,1.0
Tomsk,Europe,Russia,20068,2015,569290.0,569290.0,889.8,1.0
Tula,Europe,Russia,20069,2015,487800.0,409900.0,1085.0,0.8403034030340304
Tver,Europe,Russia,20071,2015,416440.0,416440.0,770.0,1.0
Tyumen,Europe,Russia,20072,2015,720580.0,720580.0,1002.7,1.0
Ufa,Europe,Russia,20073,2015,1110980.0,1110980.0,1764.7,1.0
Ulan-Ude,Europe,Russia,20074,2015,567300.0,567300.0,716.3,1.0
Ulyanovsk,Europe,Russia,20075,2015,629647.0,629647.0,1537.6,1.0
Vladikavkaz,Europe,Russia,20077,2015,307480.0,307480.0,696.8,1.0
Vladimir,Europe,Russia,20078,2015,354830.0,354830.0,900.3,1.0
Vladivostok,Europe,Russia,20079,2015,606650.0,606650.0,875.0,1.0
Volgograd,Europe,Russia,20080,2015,1016140.0,1016140.0,2279.4,1.0
Vologda,Europe,Russia,20081,2015,312690.0,312690.0,693.1,1.0
Voronezh,Europe,Russia,20082,2015,1032380.0,1032380.0,1603.5,1.0
Yakutsk,Europe,Russia,20083,2015,303840.0,303840.0,146.6,1.0
Yaroslavl,Europe,Russia,20084,2015,606700.0,606700.0,1086.5,1.0
Yoshkar-Ola,Europe,Russia,20085,2015,265040.0,265040.0,471.7,1.0
Yuzhno-Sakhalinsk,Europe,Russia,20086,2015,193670.0,193670.0,407.1,1.0
Novomoskovsk,Europe,Ukraine,UA9,2015,75300.0,62125.0,1636.0,0.8250332005312085
Chernigiv,Europe,Ukraine,UA18,2015,297865.0,272073.0,547.93,0.9134104376143555
Symferopol,Europe,Ukraine,UA23,2015,395300.0,395300.0,878.8,1.0
Rivne,Europe,Ukraine,UA90,2015,293030.0,226618.0,639.2,0.773361089308262
Baranovichy ,Europe,Belarus,BY6,2015,179122.0,177264.0,412.0,0.9896271814740791
Brest,Europe,Belarus,BY7,2015,340100.0,332060.0,697.0,0.9763598941487798
Mogilev,Europe,Belarus,BY10,2015,359000.0,346000.0,822.8,0.9637883008356546
Koprivnica,Europe,Croatia,CR006,2015,51668.0,40194.0,567.0,0.7779283115274445
Negotino,Europe,North Macedonia,MC1,2015,17406.0,17406.0,67.0,1.0
Ohrid/Struga,Europe,North Macedonia,MC2,2015,55749.0,53000.0,279.5,0.9506896984699277
Radovis,Europe,North Macedonia,MC3,2015,28212.0,25706.0,46.0,0.9111725506876507
Resen,Europe,North Macedonia,MC4,2015,16825.0,12500.0,61.0,0.7429420505200595
Skopje,Europe,North Macedonia,MC5,2015,621152.0,621152.0,1116.0,1.0
Stip,Europe,North Macedonia,MC6,2015,47798.0,45200.0,130.0,0.9456462613498473
Derven Veles,Europe,North Macedonia,MC8,2015,50000.0,50000.0,112.33,1.0
Berovo,Europe,North Macedonia,MC9,2015,12714.0,12714.0,77.0,1.0
Bitola,Europe,North Macedonia,MC10,2015,107496.0,91156.0,318.4,0.8479943439755898
Gostivar,Europe,North Macedonia,MC12,2015,67240.0,53792.0,45.0,0.8
Kavadarci,Europe,North Macedonia,MC13,2015,38741.0,38300.0,120.0,0.9886167109780336
Ko?ani,Europe,North Macedonia,MC14,2015,38494.0,37149.0,149.1,0.9650594897906167
Kumanovo,Europe,North Macedonia,MC15,2015,115000.0,95000.0,162.0,0.8260869565217391
Grozny,Europe,Russia,RU001,2015,583020.0,583020.0,2188.0,1.0
Ouagadougou,Africa,Burkina Faso,105,2015,4859103.0,4309463.0,9071.0,0.8868844722986938
Shklov,Europe,Belarus,BY17,2015,27900.0,19900.0,442.9,0.7132616487455197
Polotsk,Europe,Belarus,BY19,2015,110000.0,89000.0,265.5,0.8090909090909091
Bobruisk,Europe,Belarus,BY20,2015,218263.0,218260.0,496.97,0.9999862551142429
Anenii Noi,Europe,Moldova,MD1,2015,16600.0,11100.0,69.9,0.6686746987951807
Basarabeasca,Europe,Moldova,MD3,2015,12500.0,7000.0,34.6,0.56
Briceni,Europe,Moldova,MD4,2015,9000.0,6200.0,47.1,0.6888888888888889
Cahul,Europe,Moldova,MD5,2015,48600.0,43900.0,103.6,0.9032921810699589
Cantemir,Europe,Moldova,MD6,2015,5800.0,3900.0,23.0,0.6724137931034483
Caralas,Europe,Moldova,MD7,2015,16600.0,12500.0,64.0,0.7530120481927711
Cainari,Europe,Moldova,MD8,2015,19900.0,14500.0,94.2,0.7286432160804021
Chi?in?u,Europe,Moldova,MD10,2015,796000.0,716500.0,1910.3,0.9001256281407035
Ceadir-Lunga,Europe,Moldova,MD11,2015,22900.0,19300.0,160.5,0.8427947598253275
Comrat,Europe,Moldova,MD13,2015,26200.0,20000.0,122.0,0.7633587786259542
Cricova,Europe,Moldova,MD14,2015,8800.0,6000.0,22.9,0.6818181818181818
Criuleni,Europe,Moldova,MD15,2015,9700.0,6700.0,53.0,0.6907216494845361
Donduseni,Europe,Moldova,MD16,2015,10450.0,4500.0,40.9,0.430622009569378
Drochia,Europe,Moldova,MD17,2015,20500.0,13400.0,70.5,0.6536585365853659
Edineti,Europe,Moldova,MD18,2015,29500.0,20100.0,118.2,0.6813559322033899
Aukland,Western Pacific,New Zealand,NZ001,2015,1415550.0,1336530.0,9066.0,0.9441771749496662
Fale?ti,Europe,Moldova,MD19,2015,16900.0,10500.0,41.9,0.621301775147929
Floreni,Europe,Moldova,MD20,2015,4000.0,3900.0,14.0,0.975
Flore?ti,Europe,Moldova,MD21,2015,33700.0,23400.0,263.9,0.6943620178041543
Glodeni,Europe,Moldova,MD22,2015,11650.0,8600.0,34.9,0.7381974248927039
Hince?ti,Europe,Moldova,MD23,2015,28700.0,12240.0,121.8,0.4264808362369338
Leova,Europe,Moldova,MD24,2015,10850.0,10480.0,41.6,0.9658986175115207
Lipcani,Europe,Moldova,MD25,2015,5400.0,2300.0,29.2,0.42592592592592593
Nisporeni,Europe,Moldova,MD26,2015,14400.0,3800.0,19.5,0.2638888888888889
Ocnita,Europe,Moldova,MD27,2015,9400.0,4500.0,35.4,0.4787234042553192
Orhei,Europe,Moldova,MD28,2015,33700.0,28600.0,292.0,0.8486646884272997
Otaci,Europe,Moldova,MD29,2015,8400.0,3600.0,16.6,0.42857142857142855
Resina,Europe,Moldova,MD30,2015,15200.0,10200.0,35.0,0.6710526315789473
Riscani,Europe,Moldova,MD31,2015,14300.0,6100.0,58.1,0.42657342657342656
Sinjerei,Europe,Moldova,MD32,2015,15500.0,11800.0,50.5,0.7612903225806451
?old?ne?ti,Europe,Moldova,MD33,2015,7500.0,3800.0,30.6,0.5066666666666667
Soroca,Europe,Moldova,MD34,2015,37600.0,34000.0,75.3,0.9042553191489362
Stefan-Vod?,Europe,Moldova,MD36,2015,8550.0,6800.0,45.8,0.7953216374269005
Stra?eni,Europe,Moldova,MD37,2015,20700.0,14600.0,82.0,0.7053140096618358
Taraclia,Europe,Moldova,MD38,2015,14900.0,11500.0,57.8,0.7718120805369127
Telene?ti,Europe,Moldova,MD39,2015,9900.0,3130.0,23.2,0.31616161616161614
Ungheni,Europe,Moldova,MD40,2015,38400.0,32100.0,136.0,0.8359375
Vulcane?ti,Europe,Moldova,MD41,2015,17000.0,8900.0,46.0,0.5235294117647059
Vientiane,Western Pacific,Lao PDR,LA1,2015,766449.0,512317.0,1858.34,0.6684293410259522
Kasama,Africa,Zambia,ZM2,2015,331308.0,244340.0,1751.0,0.7375010564188006
Ndola,Africa,Zambia,200-2,2015,630530.0,604288.0,1102.0,0.9583810445181038
Solwezi,Africa,Zambia,200-3,2015,255979.0,218639.0,1010.0,0.8541286589915579
Choma,Africa,Zambia,200-4,2015,396335.0,357889.0,2004.0,0.9029962027073057
Mongu,Africa,Zambia,200-1,2015,204185.0,102512.0,194.0,0.5020545093909935
Kabwe,Africa,Zambia,ZM3,2015,419082.0,303777.0,1014.0,0.7248629146563202
Gantsevichy,Europe,Belarus,BY29,2015,26212.0,18900.0,123.1,0.7210437967343202
Glubokoe,Europe,Belarus,BY30,2015,29900.0,23300.0,186.9,0.7792642140468228
Gorodok,Europe,Belarus,BY31,2015,19800.0,15900.0,188.1,0.803030303030303
Berezino  ,Europe,Belarus,BY24,2015,22600.0,22600.0,196.51,1.0
Sofia,Europe,Bulgaria,BG1,2015,1319804.0,1319804.0,3827.0,1.0
Stara Zagora,Europe,Bulgaria,BG19,2015,364318.0,363182.0,3362.0,0.996881844981582
Targovishte,Europe,Bulgaria,BG20,2015,85054.0,85054.0,1430.0,1.0
Orikum,Europe,Albania,UM065,2015,11840.0,5260.0,58.7,0.44425675675675674
BP. Bagerhat,South-East Asia,Bangladesh,BD1,2015,150000.0,81000.0,83.5,0.54
CP. Chandpur,South-East Asia,Bangladesh,BD7,2015,195000.0,180000.0,140.0,0.9230769230769231
CNJ P. Chapai Nawabganj,South-East Asia,Bangladesh,BD8,2015,255000.0,150000.0,125.0,0.5882352941176471
CP. Chuadanga,South-East Asia,Bangladesh,BD2,2015,134740.0,68210.0,90.18,0.5062342288852605
CWASA. Chittagong,South-East Asia,Bangladesh,BD9,2015,2941000.0,1407120.0,684.0,0.4784495069704182
DWASA. Dhaka & Naryanganj,South-East Asia,Bangladesh,BD10,2015,15000000.0,15000000.0,3349.56,1.0
GPS. Gazipur,South-East Asia,Bangladesh,BD3,2015,2500000.0,157880.0,36.0,0.063152
JPS. Jessore,South-East Asia,Bangladesh,BD4,2015,210000.0,185000.0,192.0,0.8809523809523809
MaP. Manikganj,South-East Asia,Bangladesh,BD5,2015,182000.0,39000.0,120.0,0.21428571428571427
Narsingdi Pourasava. Narsingdi,South-East Asia,Bangladesh,BD6,2015,242000.0,70230.0,71.25,0.2902066115702479
RWASA. Rajshahi,South-East Asia,Bangladesh,BD11,2015,913900.0,711250.0,604.25,0.7782580151001204
BCC. Barisal.,South-East Asia,Bangladesh,BD12,2015,600000.0,380000.0,289.0,0.6333333333333333
Faridpur ,South-East Asia,Bangladesh,BD14,2015,162000.0,80000.0,122.0,0.49382716049382713
GP. Gopalgong,South-East Asia,Bangladesh,BD15,2015,114000.0,71000.0,93.0,0.6228070175438597
MHP. Meherpur,South-East Asia,Bangladesh,BD16,2015,70000.0,44000.0,80.0,0.6285714285714286
Narail Pourashava. Narail,South-East Asia,Bangladesh,BD17,2015,61890.0,35850.0,45.92,0.5792535142995637
Laksham ,South-East Asia,Bangladesh,BD19,2015,105000.0,21930.0,20.74,0.20885714285714285
MuP. Munshiganj .,South-East Asia,Bangladesh,BD21,2015,76000.0,35950.0,30.5,0.4730263157894737
SHP. Shariatpur Pourashava,South-East Asia,Bangladesh,BD22,2015,72000.0,31760.0,55.31,0.4411111111111111
Rajbari ,South-East Asia,Bangladesh,BD23,2015,60000.0,21700.0,58.0,0.3616666666666667
SatP. Satkhira,South-East Asia,Bangladesh,BD24,2015,195000.0,160000.0,111.47,0.8205128205128205
Malaya Gorka,Europe,Belarus,BY23,2015,50340.0,50340.0,414.93,1.0
Dubrovno ,Europe,Belarus,BY32,2015,7800.0,7800.0,38.0,1.0
Mosty,Europe,Belarus,BY35,2015,27777.0,23877.0,145.8,0.8595960686899233
Pinsk,Europe,Belarus,BY36,2015,142546.0,140062.0,366.06,0.9825740462727821
Rogachev,Europe,Belarus,BY37,2015,40000.0,40000.0,173.18,1.0
Smolevichy,Europe,Belarus,BY38,2015,15923.0,13963.0,37.0,0.8769076179111976
Sharkovchina,Europe,Belarus,BY39,2015,6480.0,5600.0,27.2,0.8641975308641975
Ulaan Baatar,Western Pacific,Mongolia,MN1,2015,1345500.0,1030591.5,586.0,0.7659542920847269
Wroc?aw,Europe,Poland,PL38,2015,635759.0,599699.0,1453.0,0.9432803939857713
Lufwanyama,Africa,Zambia,ZM5,2015,206400.0,61968.0,378.0,0.30023255813953487
NPP. Noapara,South-East Asia,Bangladesh,BD27,2015,80760.0,6700.0,13.55,0.0829618623080733
Chowmuhani,South-East Asia,Bangladesh,BD28,2015,124500.0,68200.0,117.86,0.5477911646586345
KP. Kushtia,South-East Asia,Bangladesh,BD29,2015,158620.0,76000.0,119.0,0.4791325179674694
LMH. Lalmonirhat,South-East Asia,Bangladesh,BD30,2015,73000.0,36500.0,42.0,0.5
HP. Hajigonj,South-East Asia,Bangladesh,BD31,2015,113000.0,43160.0,40.2,0.38194690265486725
BhP. Bhola,South-East Asia,Bangladesh,BD32,2015,60930.0,38160.0,62.19,0.6262924667651403
NatP. Natore,South-East Asia,Bangladesh,BD34,2015,557000.0,199000.0,156.0,0.35727109515260325
RPCC. Rangpur,South-East Asia,Bangladesh,BD35,2015,900000.0,67000.0,154.25,0.07444444444444444
Bogdanci,Europe,North Macedonia,MC16,2015,6449.0,6449.0,20.0,1.0
Dolneni,Europe,North Macedonia,MC18,2015,13567.0,11438.0,172.0,0.8430751087196875
Ki?evo,Europe,North Macedonia,MC21,2015,57211.0,42556.0,322.35,0.7438429672615406
Kruševo,Europe,North Macedonia,MC23,2015,9684.0,9684.0,29.0,1.0
Peh?evo,Europe,North Macedonia,MC24,2015,5300.0,4300.0,60.45,0.8113207547169812
Vasilevo ,Europe,North Macedonia,MC26,2015,12122.0,9227.0,22.0,0.7611780234284772
Beheira,Eastern Mediterranean,Egypt,EG5,2015,5673409.0,5629301.0,10220.76,0.9922254855942874
Dakahlia,Eastern Mediterranean,Egypt,EG7,2015,6119322.0,6117922.0,9223.18,0.9997712164844406
Sharqia,Eastern Mediterranean,Egypt,EG8,2015,6500000.0,6500000.0,9055.0,1.0
Tu Son Town,Western Pacific,Vietnam,B03.2.B,2015,163093.0,17300.0,7.63,0.10607444832089667
Bao Loc City,Western Pacific,Vietnam,D05.3.B,2015,152140.0,60306.0,305.0,0.3963849086367819
Dak Mil Town,Western Pacific,Vietnam,D04.2.B,2015,43548.0,8950.0,15.35,0.2055203453660329
Nghia Lo Town,Western Pacific,Vietnam,A10.2.B,2015,38100.0,31500.0,110.0,0.8267716535433071
Phu My Town,Western Pacific,Vietnam,E06.2.B,2015,75700.0,65500.0,144.2,0.8652575957727873
Hai Phong City,Western Pacific,Vietnam,B08.4.B,2015,22500.0,22330.0,100.0,0.9924444444444445
Cam Ranh City,Western Pacific,Vietnam,C12.4.B,2015,126600.0,119600.0,171.4,0.9447077409162717
Dong My Hai Town,Western Pacific,Vietnam,C13.2.B,2015,36700.0,19656.0,48.42,0.5355858310626703
Gia Nghia Town,Western Pacific,Vietnam,D04.1.B,2015,84200.0,44300.0,138.0,0.5261282660332541
LakP. Lakshmipur,South-East Asia,Bangladesh,BD44,2015,165000.0,40000.0,60.0,0.24242424242424243
Jamalpur,South-East Asia,Bangladesh,BD40,2015,150000.0,95000.0,60.24,0.6333333333333333
SHP. Sherpur,South-East Asia,Bangladesh,BD42,2015,113000.0,31270.0,110.85,0.2767256637168142
KWASA. Khulna,South-East Asia,Bangladesh,BD41,2015,1623640.0,383800.0,339.33,0.23638244931142371
Kaduna State ,Africa,Nigeria,NG1,2015,2476066.0,1821794.0,2494.0,0.7357614861639391
Kano,Africa,Nigeria,NG2,2015,5826000.0,2200089.0,7500.0,0.3776328527291452
Sokoto State ,Africa,Nigeria,NG3,2015,2073084.0,1617006.0,523.5,0.7800002315390983
Zamfara State ,Africa,Nigeria,NG4,2015,850614.0,632394.0,235.0,0.7434559036178572
Kebbi State ,Africa,Nigeria,NG5,2015,1118869.0,679957.0,731.0,0.607718151097224
Jigawa State ,Africa,Nigeria,NG6,2015,1269452.0,1269452.0,502.0,1.0
Katsina State ,Africa,Nigeria,NG7,2015,3130101.0,1612874.0,675.0,0.5152785804675313
"Benue State , Makurdi. ",Africa,Nigeria,NG8,2015,4253641.0,315376.0,230.6,0.07414259924615171
Abuja,Africa,Nigeria,NG9,2015,3130692.66,872654.0,296.0,0.27874151019346627
Niger State ,Africa,Nigeria,NG10,2015,4275340.0,877347.0,1200.0,0.20521104754241767
Plateau State ,Africa,Nigeria,NG11,2015,3554270.0,610000.0,812.0,0.17162455300244495
 Kogi State ,Africa,Nigeria,NG12,2015,3450960.0,1621219.0,300.0,0.4697878271553423
Nasarawa Sate ,Africa,Nigeria,NG13,2015,2056706.0,617011.0,328.0,0.2999996110285087
Adamawa State ,Africa,Nigeria,NG14,2015,2450000.0,1143184.0,634.0,0.4666057142857143
Taraba State ,Africa,Nigeria,NG15,2015,255812.0,170511.0,420.0,0.6665480900035964
Bauchi State ,Africa,Nigeria,NG16,2015,644310.0,327394.0,452.0,0.5081311790908103
Yobe State ,Africa,Nigeria,NG17,2015,1707750.0,1000000.0,450.0,0.5855658029571073
Gombe State ,Africa,Nigeria,NG18,2015,813600.0,327000.0,173.0,0.4019174041297935
Ekiti State ,Africa,Nigeria,NG19,2015,3325325.0,499898.0,755.56,0.15033056919248494
Ogun State ,Africa,Nigeria,NG20,2015,3532808.0,1576078.0,472.91,0.4461261410187024
Ondo State ,Africa,Nigeria,NG21,2015,4129865.0,139568.0,890.0,0.03379480927342661
Osun State ,Africa,Nigeria,NG22,2015,3695315.0,1803392.0,1560.0,0.48802118357974894
Lagos ,Africa,Nigeria,NG23,2015,20578009.0,6592641.0,2484.6,0.3203731225892651
Oyo State  ,Africa,Nigeria,NG24,2015,3173564.0,1951742.0,866.84,0.6150000441144404
Akwa Ibom,Africa,Nigeria,NG25,2015,2326485.0,663502.0,768.55,0.28519504746430774
Delta State,Africa,Nigeria,NG26,2015,756456.0,497748.0,527.0,0.6579999365462103
Edo State,Africa,Nigeria,NG27,2015,3800000.0,1750000.0,20.0,0.4605263157894737
Rivers State ,Africa,Nigeria,NG28,2015,1005908.0,10000.0,200.0,0.009941266994595927
Bayelsa State ,Africa,Nigeria,NG29,2015,769204.0,769204.0,360.0,1.0
Cross River State ,Africa,Nigeria,NG30,2015,1778214.5,990250.0,876.46,0.5568788242363337
Anambra State ,Africa,Nigeria,NG31,2015,792064.0,387284.0,1010.0,0.48895543794440854
Enugu State ,Africa,Nigeria,NG32,2015,1793056.0,248086.0,807.97,0.13835931504649046
Imo State ,Africa,Nigeria,NG33,2015,5167731.0,930191.0,558.0,0.17999988776505588
Abia State ,Africa,Nigeria,NG35,2015,802560.0,526680.0,255.0,0.65625
Borno State,Africa,Nigeria,NG36,2015,4171104.0,2981718.0,1946.0,0.7148510322447007
Bosilovo,Europe,North Macedonia,MC30,2015,14300.0,10108.0,89.0,0.7068531468531468
?aška,Europe,North Macedonia,MC31,2015,7870.0,3690.0,25.0,0.46886912325285895
Novaci Mogila,Europe,North Macedonia,MC33,2015,2797.0,122.0,8.5,0.04361816231676797
Petrovec,Europe,North Macedonia,MC34,2015,8255.0,450.0,2.5,0.054512416717141125
Probistip,Europe,North Macedonia,MC35,2015,16193.0,1575.0,51.6,0.09726424998456124
Rankovce,Europe,North Macedonia,MC36,2015,4000.0,3950.0,67.0,0.9875
Rosoman,Europe,North Macedonia,MC37,2015,4532.0,3986.0,15.5,0.8795233892321271
Vev?ani,Europe,North Macedonia,MC38,2015,2600.0,2600.0,12.0,1.0
Vinica,Europe,North Macedonia,MC39,2015,14041.0,14041.0,40.93,1.0
Prilep,Europe,North Macedonia,MC40,2015,75973.0,75973.0,167.0,1.0
Prizen,Europe,Kosovo,XK2,2015,345367.0,231817.38,510.0,0.6712204119096498
Peje,Europe,Kosovo,XK3,2015,227062.0,216358.44,592.0,0.9528606283746289
Mitrovica,Europe,Kosovo,XK4,2015,198876.0,129830.94,695.0,0.6528235684547156
Gjakove,Europe,Kosovo,XK5,2015,155721.0,154895.0,540.0,0.9946956415640793
Ferizai,Europe,Kosovo,XK6,2015,147574.0,129759.19,227.0,0.8792821906297857
Gjilan,Europe,Kosovo,XK7,2015,176433.0,119404.18,279.17,0.6767678382162067
Leskovac,Europe,Serbia,7204752,2015,144206.0,92786.0,422.0,0.6434267644896884
Raška,Europe,Serbia,7176872,2015,27500.0,20000.0,30.0,0.7272727272727273
Sjenica,Europe,Serbia,7175213,2015,26067.0,13000.0,42.5,0.4987148501937315
Novi Sad,Europe,Serbia,8041083,2015,397370.0,353733.0,897.0,0.8901854694617107
Vrbas,Europe,Serbia,21123269,2015,40634.0,40469.0,150.0,0.9959393611261506
Becej,Europe,Serbia,8069921,2015,34378.0,34378.0,219.0,1.0
Svilajnac,Europe,Serbia,7253931,2015,18767.0,14600.0,300.0,0.7779613150743326
Subotica,Europe,Serbia,8065195,2015,141554.0,123274.0,546.9,0.8708620031931277
Sremska Mitrovica,Europe,Serbia,8234779,2015,70000.0,70000.0,375.0,1.0
Horgoš,Europe,Serbia,8025355,2015,23961.0,23961.0,255.0,1.0
Ba?,Europe,Serbia,8012644,2015,15000.0,15000.0,102.0,1.0
Kladovo,Europe,Serbia,7213573,2015,19700.0,12475.0,196.0,0.633248730964467
Niš,Europe,Serbia,7211856,2015,257883.0,208190.0,909.7,0.8073040875125541
Surdulica,Europe,Serbia,7180101,2015,20265.0,18521.0,47.0,0.9139402911423636
Suva,Western Pacific,Fiji,PWWA3,2015,765000.0,761805.0,3946.0,0.9958235294117647
Bairiki,Western Pacific,Republic Of Kiribati,PWWA10,2015,52618.0,33090.0,140.2,0.6288722490402524
Majuro,Western Pacific,Marshall Islands,PWWA15,2015,27791.0,7357.0,115.87,0.264725990428556
"RMI-Kwajalein, Marshall Islands",Western Pacific,Marshall Islands,PWWA23,2015,10200.0,9250.0,4.0,0.9068627450980392
"Chuuk, Weno Island",Western Pacific,Federated States Of Micronesia,PWWA4,2015,13856.0,2824.8,34.83,0.20386836027713628
Kosrae State,Western Pacific,Federated States Of Micronesia,PWWA5,2015,8000.0,2000.0,20.92,0.25
"Southern Yap State, FSM",Western Pacific,Federated States Of Micronesia,PWWA9,2015,3800.0,3800.0,804.67,1.0
Port Moresby City,Western Pacific,Papua New Guinea,PWWA2,2015,496716.0,496716.0,617.8,1.0
Nationwide mandate ex. Port Morsbey,Western Pacific,Papua New Guinea,PWWA13,2015,469882.0,299395.0,632.64,0.6371706087911433
Apia,Western Pacific,Samoa,PWWA18,2015,160500.0,129400.0,1152.0,0.8062305295950156
Guadalcanal Province,Western Pacific,Solomon Islands,PWWA19,2015,91160.0,50365.0,316.56,0.5524901272487933
Tongatapu,Western Pacific,Tonga,PWWA20,2015,62905.0,59760.0,250.3,0.9500039742468802
Unelco Vanuatu,Western Pacific,Vanuatu,PWWA22,2015,44039.0,33006.0,227.01,0.7494720588569223
Rarotonga,Western Pacific,Cook Islands,PWWA1,2015,10572.0,10572.0,90.0,1.0
Niue,Western Pacific,Niue,PWWA12,2015,1800.0,1760.0,114.0,0.9777777777777777
Plovdiv,Europe,Bulgaria,BG02,2015,675586.0,675586.0,4295.0,1.0
Dobrich,Europe,Bulgaria,BG03,2015,186357.0,186357.0,3402.0,1.0
Varna,Europe,Bulgaria,BG04,2015,472926.0,472926.0,4253.0,1.0
Burgas,Europe,Bulgaria,BG05,2015,415817.0,415063.0,4197.0,0.9981867023233778
Shumen,Europe,Bulgaria,BG06,2015,198232.0,198232.0,2362.0,1.0
Pleven,Europe,Bulgaria,BG07,2015,242772.0,242772.0,3002.0,1.0
Khaskovo,Europe,Bulgaria,BG08,2015,170390.0,169716.0,2231.0,0.996044368800986
Sliven,Europe,Bulgaria,BG09,2015,191185.0,191185.0,1817.0,1.0
Ruse,Europe,Bulgaria,BG010,2015,228129.0,228129.0,2626.0,1.0
Dunav,Europe,Bulgaria,BG023,2015,107683.0,107333.0,1631.0,0.9967497190828636
Vratsa,Europe,Bulgaria,BG024,2015,188772.0,188061.0,3236.0,0.9962335515860403
Sofiya,Europe,Bulgaria,BG025,2015,214314.0,212159.0,3286.0,0.9899446606381291
Yambol,Europe,Bulgaria,BG026,2015,125724.0,125598.0,1781.0,0.9989978047150901
Silistra,Europe,Bulgaria,BG027,2015,114670.0,114659.0,1860.0,0.9999040725560303
Montana,Europe,Bulgaria,BG028,2015,119551.0,114745.0,1770.0,0.9597995834413765
Trnovo,Europe,Bulgaria,BG029,2015,208208.0,207621.0,2880.0,0.9971807039114732
Lovech,Europe,Bulgaria,BG011,2015,101626.0,99100.0,1647.0,0.9751441560230649
Pazardzhik,Europe,Bulgaria,BG012,2015,142195.0,142195.0,1010.0,1.0
Smolyan,Europe,Bulgaria,BG013,2015,113984.0,104802.0,1496.0,0.9194448343627176
Pernik,Europe,Bulgaria,BG014,2015,127048.0,124817.0,1459.0,0.982439707826963
Vidin,Europe,Bulgaria,BG015,2015,116726.0,115573.0,1671.0,0.9901221664410671
Isperikh,Europe,Bulgaria,BG016,2015,38237.0,38237.0,708.0,1.0
Dimitrovgrad,Europe,Bulgaria,BG017,2015,61000.0,61000.0,602.0,1.0
Kyustendil,Europe,Bulgaria,BG018,2015,84170.0,83601.0,1382.0,0.99323987168825
Krdzhali,Europe,Bulgaria,BG019,2015,150528.0,135486.0,1410.0,0.9000717474489796
Blagoyevgrad,Europe,Bulgaria,BG021,2015,261390.0,248258.0,1497.0,0.9497608936837676
Gabrovo,Europe,Bulgaria,BG022,2015,79613.0,79088.0,1136.0,0.993405599588007
Zrenjanin,Europe,Serbia,8049637,2015,119710.0,119710.0,605.81,1.0
Kraljevo,Europe,Serbia,7190891,2015,81500.0,76950.0,320.0,0.9441717791411043
Užice,Europe,Serbia,7258160,2015,75805.0,75805.0,390.0,1.0
Kruševac,Europe,Serbia,7145837,2015,124795.0,77000.0,782.0,0.617011899515205
Valjevo,Europe,Serbia,7136277,2015,90000.0,80000.0,252.0,0.8888888888888888
Para?in,Europe,Serbia,7115911,2015,56397.0,37499.0,250.0,0.664911254144724
Vranje,Europe,Serbia,7226560,2015,85497.0,66847.0,350.0,0.7818636911236652
Velika Plana,Europe,Serbia,7160763,2015,39620.0,25000.0,263.0,0.6309944472488642
Kula,Europe,Serbia,8004790,2015,19500.0,19500.0,88.0,1.0
Aleksandrovac,Europe,Serbia,7100124,2015,26534.0,17919.0,162.0,0.6753222280847215
Jhalakathi,South-East Asia,Bangladesh,BD50,2015,64500.0,40000.0,56.0,0.6201550387596899
Brahmanbaria,South-East Asia,Bangladesh,BD37,2015,186000.0,45050.0,62.0,0.24220430107526883
Singra,South-East Asia,Bangladesh,BD47,2015,48000.0,12500.0,10.76,0.2604166666666667
Barguna,South-East Asia,Bangladesh,BD48,2015,60880.0,43710.0,76.34,0.717969776609724
ViK Bar,Europe,Montenegro,ME1,2015,42368.0,30623.0,467.0,0.7227860649546828
Kotor,Europe,Montenegro,ME2,2015,22799.0,20647.0,345.0,0.9056098951708408
Želino,Europe,North Macedonia,MC43,2015,24500.0,5035.0,24.3,0.20551020408163265
Kriva Palanka,Europe,North Macedonia,MC44,2015,20820.0,18060.0,42.54,0.8674351585014409
Choloma,Americas,Honduras,HN10,2015,171185.0,101110.8,349.0,0.5906522183602535
Danli,Americas,Honduras,HN08,2015,65000.0,36685.0,140.0,0.5643846153846154
Comayagua,Americas,Honduras,HN07,2015,92883.0,79810.0,249.0,0.8592530387692042
Siguatepeque,Americas,Honduras,HN06,2015,76302.0,63019.0,164.0,0.8259154412728369
Addis Zemene,Africa,Ethiopia,ETAM11,2015,97792.0,65030.0,108.3,0.6649828206806283
Bishoftu,Africa,Ethiopia,ETOR9,2015,236394.0,151806.0,185.0,0.6421736592299296
Adigrat,Africa,Ethiopia,ETTG2,2015,86094.0,46215.0,15.0,0.5367969893372361
Dangela,Africa,Ethiopia,ETAM7,2015,42295.0,22500.0,20.3,0.5319777751507271
Debre Tabor,Africa,Ethiopia,ETAM9,2015,87096.0,31245.0,42.6,0.3587420777073574
Alamata,Africa,Ethiopia,ETTG5,2015,49795.0,37405.0,12.15,0.7511798373330656
Debrebirihane,Africa,Ethiopia,ETAM4,2015,282017.0,188724.0,252.81,0.6691937010889415
Butajira,Africa,Ethiopia,ETSN9,2015,63846.0,44550.0,76.7,0.6977727657175078
Ambo,Africa,Ethiopia,ETOR4,2015,70853.0,53570.0,100.0,0.7560724316542701
Areka,Africa,Ethiopia,ETSN10,2015,50346.0,11148.5,30.5,0.2214376514519525
Yirgachefe,Africa,Ethiopia,ETSN30,2015,28877.0,9660.0,33.9,0.3345222841707934
Debark,Africa,Ethiopia,ETAM8,2015,32553.0,14300.0,8.0,0.4392836297729856
Arsi Negele,Africa,Ethiopia,ETOR1,2015,447346.0,214785.0,442.79,0.4801317101304136
Wukro,Africa,Ethiopia,ETTG3,2015,49795.0,37405.0,12.15,0.7511798373330656
Adet,Africa,Ethiopia,ETAM26,2015,31432.0,13730.0,19.37,0.4368159837108679
Asella,Africa,Ethiopia,ETOR6,2015,103522.0,77960.0,137.3,0.7530766407140511
Debremarkos,Africa,Ethiopia,ETAM2,2015,30038.0,15675.0,9.69,0.5218390039283574
Batu,Africa,Ethiopia,ETOR5,2015,75821.0,42881.5,61.67,0.5655623112330357
Chagni,Africa,Ethiopia,ETAM6,2015,39155.0,25585.0,83.7,0.6534286808836675
Debrsina,Africa,Ethiopia,ETAM13,2015,13574.0,8555.0,22.26,0.6302490054515987
Fenoteselam,Africa,Ethiopia,ETAM10,2015,102114.0,68953.5,48.0,0.6752600035254716
Kombolcha,Africa,Ethiopia,ETAM1,2015,91831.0,68725.0,63.0,0.7483856214132483
Dessie,Africa,Ethiopia,ETAM15,2015,223071.0,139925.0,345.99,0.6272666550111847
Modjo ,Africa,Ethiopia,ETOR33,2015,43479.0,36675.0,105.0,0.8435106603187745
Rama,Africa,Ethiopia,ETTG8,2015,14475.0,11355.0,31.6,0.7844559585492228
Gore,Africa,Ethiopia,ETOR22,2015,15411.0,8690.0,16.88,0.5638829407566024
Woliso,Africa,Ethiopia,ETOR46,2015,98206.0,54170.0,43.28,0.5515956255218623
Dukam,Africa,Ethiopia,ETOR15,2015,40953.0,33095.0,36.29,0.8081215051400386
Holeta,Africa,Ethiopia,ETOR11,2015,34276.0,30610.0,53.55,0.8930446959971992
Meki,Africa,Ethiopia,ETOR30,2015,57332.0,31645.0,73.28,0.5519605107095514
Dejene ,Africa,Ethiopia,ETAM14,2015,13614.0,10235.0,45.0,0.7517996180402526
Woldia,Africa,Ethiopia,ETAM33,2015,72286.0,48375.0,128.0,0.6692167224635476
Kemissie,Africa,Ethiopia,ETAM21,2015,30435.0,26765.0,42.0,0.8794151470346641
Kuy,Africa,Ethiopia,ETAM23,2015,91831.0,68725.0,63.0,0.7483856214132483
Lalibela,Africa,Ethiopia,ETAM25,2015,29935.0,19710.0,38.12,0.6584265909470519
Gondar,Africa,Ethiopia,ETAM19,2015,323875.0,224892.0,384.57,0.6943790042454651
Merawi,Africa,Ethiopia,ETAM22,2015,31432.0,13730.0,19.37,0.4368159837108679
Njombe,Africa,Tanzania,TZ024,2015,137350.0,41213.0,102.5,0.300058245358573
Bariati,Africa,Tanzania,TZ 21,2015,56008.0,26324.0,28.0,0.47000428510212827
Mpanda,Africa,Tanzania,TZ 23,2015,105965.0,72220.0,158.0,0.6815457934223564
Geita,Africa,Tanzania,TZ 22,2015,213933.0,125586.0,18.2,0.5870342583893088
Comilla,South-East Asia,Bangladesh,BD52,2015,500000.0,125000.0,156.0,0.25
Feni,South-East Asia,Bangladesh,BD51,2015,200000.0,45000.0,132.0,0.225
Kushtia,South-East Asia,Bangladesh,BD66,2015,30000.0,6200.0,12.0,0.20666666666666667
Bhariab Pourashava,South-East Asia,Bangladesh,BD54,2015,120000.0,37960.0,25.32,0.31633333333333336
Dinajpur,South-East Asia,Bangladesh,BD56,2015,200000.0,31000.0,86.0,0.155
Bogra,South-East Asia,Bangladesh,BD53,2015,600000.0,125000.0,216.0,0.20833333333333334
Pietermaritzburg,Africa,South Africa,KZN225,2015,623872.6,623872.6,3108.0,1.0
East London,Africa,South Africa,SA02,2015,739200.0,732600.0,4838.0,0.9910714285714286
Rustenburg,Africa,South Africa,NW373,2015,579932.0,579932.0,4550.0,1.0
Port Elizabeth,Africa,South Africa,SA01,2015,1102592.8,1102592.8,4459.0,1.0
Kempton Park,Africa,South Africa,SA03,2015,2664919.4,2664919.4,10070.0,1.0
Pietersburg,Africa,South Africa,LIM354,2015,617769.9,617769.9,3781.0,1.0
Saran,Europe,Kazakhstan,KZ90,2015,50611.0,28260.0,173.0,0.5583766374898738
Stepnogorsk,Europe,Kazakhstan,KZ002,2015,51750.0,51747.0,327.3,0.9999420289855072
Vršac,Europe,Serbia,8010072,2015,51217.0,51217.0,280.0,1.0
Vlasotince,Europe,Serbia,17224247,2015,21000.0,15882.0,80.0,0.7562857142857143
Zaje?ar,Europe,Serbia,7183372,2015,56714.0,56714.0,320.0,1.0
Bajina Bašta,Europe,Serbia,20104376,2015,11000.0,10000.0,78.0,0.9090909090909091
Panchagarh,South-East Asia,Bangladesh,BD59,2015,68000.0,20490.0,54.0,0.3013235294117647
Raipur Pourashava,South-East Asia,Bangladesh,BD60,2015,48250.0,24020.0,37.0,0.4978238341968912
Shahrasti ,South-East Asia,Bangladesh,BD61,2015,48650.0,11200.0,8.8,0.2302158273381295
Matlab Pourashava,South-East Asia,Bangladesh,BD58,2015,65000.0,3100.0,7.0,0.047692307692307694
Netrakona Pourashava,South-East Asia,Bangladesh,BD63,2015,32800.0,10200.0,55.0,0.31097560975609756
Barisal ,South-East Asia,Bangladesh,BD68,2015,111300.0,70000.0,67.0,0.6289308176100629
Joypurhat,South-East Asia,Bangladesh,BD62,2015,99000.0,35000.0,45.96,0.35353535353535354
Nowhata,South-East Asia,Bangladesh,BD64,2015,191000.0,3790.0,10.5,0.019842931937172775
Ishwardi,South-East Asia,Bangladesh,BD57,2015,75000.0,28490.0,31.0,0.3798666666666667
Pabna,South-East Asia,Bangladesh,BD55,2015,195000.0,110000.0,114.0,0.5641025641025641
Chittagong,South-East Asia,Bangladesh,BD67,2015,191000.0,55000.0,105.0,0.2879581151832461
Bijelo Polje,Europe,Montenegro,ME3,2015,46051.0,31396.0,182.0,0.6817658682764761
Ulcinj,Europe,Montenegro,ME12,2015,20265.0,17478.0,281.0,0.8624722427831236
Herceg Novi,Europe,Montenegro,ME6,2015,30992.0,28452.0,250.0,0.9180433660299432
Cetinje,Europe,Montenegro,ME5,2015,15000.0,15000.0,88.0,1.0
Vrnja?ka Banja,Europe,Serbia,17620983,2015,27527.0,25000.0,416.36,0.9081992225814655
Aran?elovac,Europe,Serbia,7113323,2015,44823.0,31101.0,401.0,0.6938625259353457
Ada,Europe,Serbia,8137005,2015,15573.0,13700.0,129.0,0.879727733898414
Aleksinac,Europe,Serbia,20274301,2015,51900.0,35500.0,150.0,0.6840077071290944
Beograd,Europe,Serbia,7018762,2015,1518800.0,1518800.0,3708.0,1.0
Beo?in,Europe,Serbia,8028362,2015,13380.0,13380.0,80.0,1.0
Bogati?,Europe,Serbia,7334419,2015,28883.0,6488.0,41.0,0.22463040542879895
Boljevac,Europe,Serbia,7183267,2015,4000.0,4000.0,52.0,1.0
Bela Palanka,Europe,Serbia,7306890,2015,8315.0,8315.0,42.5,1.0
Brus,Europe,Serbia,7262957,2015,10200.0,10000.0,30.0,0.9803921568627451
Kragujevac,Europe,Serbia,7165439,2015,200000.0,193000.0,600.0,0.965
Ku?evo,Europe,Serbia,7323824,2015,14192.0,4000.0,21.8,0.2818489289740699
Ljig,Europe,Serbia,7099240,2015,9409.0,3520.0,17.66,0.37410989478159207
Kni?,Europe,Serbia,7329733,2015,14048.0,2641.0,68.0,0.187998291571754
Lebane,Europe,Serbia,17547496,2015,22500.0,15400.0,62.0,0.6844444444444444
Knjaževac,Europe,Serbia,7208324,2015,24987.0,24488.0,192.0,0.980029615400008
Lazarevac,Europe,Serbia,7013922,2015,79000.0,32204.0,450.0,0.40764556962025317
Kosjeri?,Europe,Serbia,7110111,2015,12000.0,4000.0,35.0,0.3333333333333333
Novi Pazar,Europe,Serbia,7194129,2015,100410.0,83016.0,168.0,0.8267702420077682
Prijepolje,Europe,Serbia,7190175,2015,35818.0,22472.0,80.0,0.6273940476855212
Obrenovac,Europe,Serbia,20234806,2015,72323.0,72323.0,703.0,1.0
Ra?a,Europe,Serbia,7365292,2015,11950.0,4112.0,10.3,0.34410041841004185
Ražanj,Europe,Serbia,7675216,2015,8468.0,1657.0,35.0,0.1956778460085026
Opština Požega,Europe,Serbia,7239408,2015,18500.0,17500.0,1000.0,0.9459459459459459
Rekovac,Europe,Serbia,21063975,2015,11055.0,2000.0,15.0,0.18091361374943465
Trgovište,Europe,Serbia,7366612,2015,4056.0,4056.0,18.0,1.0
Svrljig,Europe,Serbia,7349955,2015,8172.0,8172.0,88.0,1.0
Temerin,Europe,Serbia,8658595,2015,27917.0,26779.0,128.3,0.9592363076261776
Opština Topola,Europe,Serbia,7123852,2015,25000.0,9828.0,76.0,0.39312
Plandište,Europe,Serbia,8049599,2015,11334.0,6714.0,46.0,0.5923769190047644
Ose?ina,Europe,Serbia,7305290,2015,12571.0,3850.0,65.0,0.30626044069684194
Trstenik,Europe,Serbia,7154780,2015,42989.0,15176.0,68.0,0.35302054013817485
Pirot,Europe,Serbia,7131518,2015,57911.0,52696.0,194.3,0.9099480236915266
Opovo,Europe,Serbia,8143099,2015,10073.0,10073.0,58.0,1.0
Gornji Milanovac,Europe,Serbia,7192819,2015,48500.0,33927.0,670.0,0.6995257731958763
Vladimirci,Europe,Serbia,7347189,2015,15500.0,12000.0,120.0,0.7741935483870968
Bijeljina,Europe,Bosnia and Herzegovina,BH60,2015,114663.0,90000.0,627.0,0.7849088197587714
Bosanski Petrovac,Europe,Bosnia and Herzegovina,BH63,2015,7200.0,4800.0,145.0,0.6666666666666666
Gra?anica,Europe,Bosnia and Herzegovina,BH70,2015,15800.0,15400.0,146.0,0.9746835443037974
Kozarska Dubica,Europe,Bosnia and Herzegovina,BH73,2015,22567.0,15457.0,145.36,0.6849381840740905
Mrkonji? Grad,Europe,Bosnia and Herzegovina,BH75,2015,18000.0,16000.0,216.6,0.8888888888888888
Del?evo,Europe,North Macedonia,MC51,2015,17505.0,15200.0,55.4,0.8683233361896601
Sveti Nikole,Europe,North Macedonia,MC56,2015,18600.0,15232.0,59.89,0.8189247311827957
Makedonska Kamenica,Europe,North Macedonia,MC55,2015,7575.0,5600.0,9.8,0.7392739273927392
Sopot,Europe,Serbia,7006888,2015,20367.0,12145.0,262.0,0.5963077527372711
Jagodina,Europe,Serbia,7114885,2015,54000.0,54000.0,156.0,1.0
Kovin,Europe,Serbia,8252050,2015,29275.0,29000.0,176.0,0.9906063193851409
Gadžin Han,Europe,Serbia,20158174,2015,2921.0,2839.0,83.0,0.9719274221157138
?a?ak,Europe,Serbia,7167610,2015,112558.0,87740.0,735.0,0.7795092307965671
Nova Varoš,Europe,Serbia,7210426,2015,16500.0,8865.0,65.0,0.5372727272727272
?oka,Europe,Serbia,8148058,2015,10795.0,10795.0,117.0,1.0
?i?evac,Europe,Serbia,7175019,2015,8971.0,7107.0,36.0,0.7922193735369524
Ruma,Europe,Serbia,8099545,2015,65205.0,64000.0,500.0,0.9815198220995323
Doljevac,Europe,Serbia,6250033,2015,18482.0,2609.0,28.0,0.14116437614976735
Golubac,Europe,Serbia,7200579,2015,10500.0,10500.0,52.0,1.0
 ?uprija,Europe,Serbia,21025372,2015,28000.0,19000.0,46.0,0.6785714285714286
Ljubovija,Europe,Serbia,7169027,2015,8500.0,8500.0,85.0,1.0
Loznica,Europe,Serbia,7168861,2015,76958.0,67800.0,717.0,0.8810000259882014
Merošina,Europe,Serbia,17040685,2015,13980.0,1536.0,8.0,0.10987124463519313
Mali Zvornik,Europe,Serbia,7168764,2015,12496.0,9190.0,129.0,0.7354353393085787
Lu?ani,Europe,Serbia,20932783,2015,11792.0,11792.0,350.0,1.0
Medve?a,Europe,Serbia,7360924,2015,3200.0,3200.0,45.0,1.0
Mionica,Europe,Serbia,7134657,2015,13638.0,12000.0,340.0,0.8798944126704795
Mladenovac,Europe,Serbia,7045859,2015,53906.0,30345.0,179.0,0.562924349794086
Malo Crni?e,Europe,Serbia,20179066,2015,11458.0,2000.0,35.04,0.17455053237912377
Opština Se?anj,Europe,Serbia,8150346,2015,12419.0,12419.0,135.0,1.0
Smederevo,Europe,Serbia,7389574,2015,80196.0,80196.0,321.0,1.0
Sombor,Europe,Serbia,8046751,2015,85569.0,53099.0,238.0,0.6205401488856945
Šabac,Europe,Serbia,7168683,2015,122843.0,60500.0,371.0,0.49249855506622275
Šid,Europe,Serbia,8154929,2015,34188.0,34188.0,200.0,1.0
Senta,Europe,Serbia,8139679,2015,22961.0,21800.0,100.0,0.9494360001742085
Novi Grad,Europe,Bosnia and Herzegovina,BH77,2015,28800.0,13730.0,148.1,0.47673611111111114
Tesli?,Europe,Bosnia and Herzegovina,BH80,2015,38536.0,21600.0,104.1,0.560514843263442
Laktaši,Europe,Bosnia and Herzegovina,BH74,2015,39311.0,20598.0,340.6,0.523975477601689
Prijedor,Europe,Bosnia and Herzegovina,BH78,2015,97500.0,65320.0,210.0,0.6699487179487179
Doboj,Europe,Bosnia and Herzegovina,BH69,2015,71411.0,42000.0,126.0,0.5881446835921637
G.Vakuf-Uskoplje,Europe,Bosnia and Herzegovina,BH107,2015,23000.0,9800.0,35.0,0.4260869565217391
Srbac,Europe,Bosnia and Herzegovina,BH104,2015,19001.0,16757.0,403.0,0.8819009525814431
Kotor Varoš,Europe,Bosnia and Herzegovina,BH106,2015,16900.0,10000.0,50.0,0.591715976331361
Bratunac,Europe,Bosnia and Herzegovina,BH94,2015,20000.0,10000.0,70.0,0.5
Gradiška,Europe,Bosnia and Herzegovina,BH93,2015,53000.0,43200.0,417.0,0.8150943396226416
Požarevac,Europe,Serbia,17223810,2015,75354.0,60000.0,250.0,0.7962417389919579
Ivanjica,Europe,Serbia,7216840,2015,32047.0,15210.0,63.8,0.4746154086185914
Preševo,Europe,Serbia,6389309,2015,29744.0,15150.0,60.0,0.5093464228079613
Sevastopol,Europe,Ukraine,UA001,2015,385780.0,385780.0,1118.0,1.0
Ashburton,Western Pacific,New Zealand,NZ002,2015,31041.0,22948.0,388.0,0.7392803066911504
Alexandra,Western Pacific,New Zealand,NZ009,2015,17895.0,17895.0,332.67,1.0
Christchurch,Western Pacific,New Zealand,NZ007,2015,367800.0,339879.0,3470.92,0.9240864600326264
Balclutha,Western Pacific,New Zealand,NZ008,2015,16890.0,13190.0,2525.8,0.7809354647720544
Dunedin,Western Pacific,New Zealand,NZ010,2015,120246.0,111415.0,1140.93,0.9265588876137252
Gore,Western Pacific,New Zealand,NZ011,2015,12033.0,10435.0,118.0,0.8671985373556054
Wellington,Western Pacific,New Zealand,NZ012,2015,381090.0,372518.0,180.5,0.9775066257314545
Hamilton,Western Pacific,New Zealand,NZ015,2015,153000.0,141607.0,1161.0,0.9255359477124183
Paeroa,Western Pacific,New Zealand,NZ013,2015,17811.0,13404.0,580.0,0.7525686373589355
Levin,Western Pacific,New Zealand,NZ014,2015,30096.0,25382.0,314.0,0.843367889420521
Lower Hutt ,Western Pacific,New Zealand,NZ003,2015,98238.0,96593.0,681.0,0.9832549522588001
Invercargill,Western Pacific,New Zealand,NZ016,2015,51696.0,47786.0,422.6,0.9243655215103683
Dargaville,Western Pacific,New Zealand,NZ017,2015,4251.0,4251.0,85.7,1.0
Paraparaumu,Western Pacific,New Zealand,NZ018,2015,49104.0,47926.0,468.0,0.976010101010101
Fairlie,Western Pacific,New Zealand,NZ019,2015,4158.0,4158.0,239.0,1.0
Blenheim,Western Pacific,New Zealand,NZ020,2015,43416.0,33100.0,439.0,0.7623917449788097
New Plymouth,Western Pacific,New Zealand,NZ021,2015,74187.0,61625.0,815.0,0.8306711418442584
Palmerston North,Western Pacific,New Zealand,NZ022,2015,80079.0,64052.0,538.0,0.7998601381136128
Porirua,Western Pacific,New Zealand,NZ004,2015,51717.0,51717.0,328.0,1.0
Rotorua,Western Pacific,New Zealand,NZ023,2015,65280.0,59951.0,747.0,0.9183670343137255
Taumarunui,Western Pacific,New Zealand,NZ024,2015,11844.0,10603.0,200.0,0.8952212090509963
Rolleston,Western Pacific,New Zealand,NZ025,2015,44595.0,40061.0,1076.87,0.8983294091265837
Hawera,Western Pacific,New Zealand,NZ026,2015,26577.0,20838.0,618.0,0.7840614064792866
Whangarei,Western Pacific,New Zealand,NZ036,2015,85900.0,59649.0,734.0,0.6944004656577416
Whakatane,Western Pacific,New Zealand,NZ041,2015,32691.0,29198.0,278.0,0.8931510201584534
Tauranga,Western Pacific,New Zealand,NZ034,2015,47219.0,26715.0,664.0,0.5657680171117558
Hokitika,Western Pacific,New Zealand,NZ038,2015,8304.0,5412.0,123.34,0.6517341040462428
Wellington,Western Pacific,New Zealand,NZ006,2015,190956.0,182105.0,909.0,0.953649008148474
Hawkes Bay,Western Pacific,New Zealand,NZ039,2015,7890.0,4638.0,100.48,0.5878326996197719
Te Awamutu,Western Pacific,New Zealand,NZ040,2015,46668.0,29788.0,571.46,0.6382960486843233
Tokoroa,Western Pacific,New Zealand,NZ027,2015,22071.0,20106.0,230.8,0.9109691450319424
Nelson,Western Pacific,New Zealand,NZ030,2015,47900.0,26491.0,798.0,0.5530480167014614
Rangiora,Western Pacific,New Zealand,NZ037,2015,49989.0,44909.0,844.0,0.8983776430814779
Taupo,Western Pacific,New Zealand,NZ028,2015,32907.0,32907.0,717.0,1.0
Ngaruawahia,Western Pacific,New Zealand,NZ033,2015,63378.0,34751.0,692.0,0.5483132948341696
Upper Hutt,Western Pacific,New Zealand,NZ005,2015,40179.0,40095.0,280.0,0.9979093556335399
Timaru,Western Pacific,New Zealand,NZ032,2015,43929.0,41549.0,1796.04,0.9458216667804867
Thames,Western Pacific,New Zealand,NZ031,2015,26178.0,26178.0,534.7,1.0
Tauranga,Western Pacific,New Zealand,NZ029,2015,120819.0,120819.0,1227.0,1.0
Mariupol,Europe,Ukraine,UA3361508,2015,486140.0,404944.0,1830.45,0.8329781544411075
H? Chí Minh,Western Pacific,Vietnam,E01.3.B,2015,498000.0,441000.0,428.0,0.8855421686746988
 Tp H?i Phòng,Western Pacific,Vietnam,B08.2.B,2015,136000.0,58656.0,203.0,0.43129411764705883
H? Chí Minh,Western Pacific,Vietnam,E01.7.B,2015,378650.0,378650.0,338.0,1.0
H? Chí Minh,Western Pacific,Vietnam,E01.5.B,2015,706747.0,706747.0,636.87,1.0
tp Tân An,Western Pacific,Vietnam,F02.1.B,2015,186612.0,117565.0,280.0,0.6299969991211712
 Huy?n Nh?n Tr?ch,Western Pacific,Vietnam,E05.2.B,2015,72975.0,15624.0,59.29,0.21410071942446043
TP.C?n Th?,Western Pacific,Vietnam,F01.5.B,2015,171019.0,60604.0,153.2,0.35436998228267036
TP.C?n Th?,Western Pacific,Vietnam,F01.3.B,2015,37038.0,36369.0,78.04,0.9819374696257898
 tp Long Xuyên,Western Pacific,Vietnam,F06.1.B,2015,889756.0,889756.0,3312.0,1.0
Th? xã Ninh Hòa,Western Pacific,Vietnam,C12.2.B,2015,231534.0,133432.8,295.1,0.5762989452952914
TP Cao Lãnh,Western Pacific,Vietnam,F12.1.B,2015,299248.0,283081.0,886.65,0.9459745762711864
Kahama,Africa,Tanzania,TZ029,2015,152759.0,120266.0,258.0,0.787292401757016
Bashkia Himare,Europe,Albania,UM001a,2015,13500.0,12300.0,35.0,0.9111111111111111
Ternopil,Europe,Ukraine,UA005,2015,245799.0,224781.0,347.3,0.914491108588725
Cherkasy,Europe,Ukraine,UA0011,2015,284333.0,250686.0,466.79,0.881663401715594
Aarhus,Europe,Denmark,DK2,2015,259133.0,259133.0,1466.0,1.0
Odense,Europe,Denmark,DK1,2015,166500.0,166500.0,1007.0,1.0
Žitište,Europe,Serbia,8672741,2015,15814.0,15814.0,179.0,1.0
Novi Kneževac,Europe,Serbia,8128260,2015,10461.0,10461.0,110.0,1.0
Ba?ka Topola (Moravica),Europe,Serbia,8687617,2015,5100.0,5100.0,49.5,1.0
Ba?ki Petrovac (Magli?),Europe,Serbia,8213232,2015,2500.0,2500.0,35.0,1.0
Despotovac,Europe,Serbia,7183747,2015,28931.0,9210.0,57.5,0.3183436452248453
Novo MIloševo,Europe,Serbia,8259127,2015,7508.0,7508.0,58.0,1.0
Ba?ka Palanka,Europe,Serbia,8081255,2015,56000.0,56000.0,150.0,1.0
In?ija,Europe,Serbia,8584885,2015,47433.0,44843.0,237.0,0.9453966647692534
Pan?evo,Europe,Serbia,8487502,2015,94289.0,73200.0,325.0,0.7763365822100139
Krupanj,Europe,Serbia,7314205,2015,17435.0,4000.0,50.0,0.2294235732721537
Žagubica,Europe,Serbia,7221061,2015,11899.0,8013.0,110.0,0.6734179342801916
Kuršumlija,Europe,Serbia,7172818,2015,18700.0,12500.0,60.0,0.6684491978609626
Ba?ki Petrovac (Gloakvalis),Europe,Serbia,8788901,2015,2002.0,2002.0,28.0,1.0
Majdanpek - Donji Milanovac,Europe,Serbia,20320443,2015,3919.0,3919.0,38.2,1.0
Ruski Krstur,Europe,Serbia,20916575,2015,7200.0,7200.0,53.0,1.0
Kova?ica,Europe,Serbia,8077690,2015,7500.0,7400.0,49.0,0.9866666666666667
Pan?evo - Glogonj,Europe,Serbia,8603162,2015,3000.0,3000.0,14.0,1.0
Petrovac na Mlavi,Europe,Serbia,7160658,2015,41220.0,13176.0,33.0,0.31965065502183404
Žabari,Europe,Serbia,21064564,2015,11380.0,9000.0,65.0,0.7908611599297012
Apatin,Europe,Serbia,8023263,2015,28929.0,23000.0,92.0,0.7950499498772857
Sivac/Kula,Europe,Serbia,8005052,2015,7895.0,7850.0,86.0,0.9943001899936669
Ba?ki Petrovac,Europe,Serbia,8198748,2015,9000.0,9000.0,88.0,1.0
Koceljeva,Europe,Serbia,7347103,2015,12331.0,8660.0,240.0,0.7022950287892304
Vladi?in Han,Europe,Serbia,20663901,2015,24000.0,15000.0,50.0,0.625
Alibunar,Europe,Serbia,8137838,2015,21000.0,21000.0,276.5,1.0
Priboj,Europe,Serbia,7155760,2015,27100.0,19000.0,100.0,0.7011070110701108
Varvarin,Europe,Serbia,7218281,2015,20000.0,8000.0,8.0,0.4
Žabalj,Europe,Serbia,8688613,2015,25598.0,25598.0,214.0,1.0
?ajetina,Europe,Serbia,20302976,2015,15000.0,14000.0,220.0,0.9333333333333333
Crna Trava,Europe,Serbia,17300806,2015,1663.0,550.0,4.0,0.33072760072158747
Bor,Europe,Serbia,7183453,2015,40000.0,38600.0,200.0,0.965
Crvenka,Europe,Serbia,8005079,2015,8500.0,8500.0,60.0,1.0
Majdanpek,Europe,Serbia,21062383,2015,18250.0,3707.0,10.5,0.2031232876712329
Grocka,Europe,Serbia,17536320,2015,33000.0,25668.0,156.0,0.7778181818181819
Bela Crkva,Europe,Serbia,8677425,2015,12580.0,12580.0,200.0,1.0
Ba?ka Topola ,Europe,Serbia,8032874,2015,14900.0,14900.0,39.0,1.0
Dimitrovgrad,Europe,Serbia,7299974,2015,9623.0,7051.0,40.0,0.7327236828431882
Bosilegrad,Europe,Serbia,7357362,2015,5000.0,5000.0,50.0,1.0
Mid Glamorgan,Europe,"UK, England and Wales",GB2,2015,3030618.92,3030618.92,27769.03,1.0
Bradford,Europe,"UK, England and Wales",GB1,2015,4979631.0,4979631.0,31525.14,1.0
Amtali ,South-East Asia,Bangladesh,BD72,2015,11000.0,8000.0,23.0,0.7272727272727273
Charghat,South-East Asia,Bangladesh,BD70,2015,39950.0,2200.0,7.75,0.05506883604505632
Cox Bazar,South-East Asia,Bangladesh,BD75,2015,167480.0,4690.0,18.0,0.0280033436828278
Brussels,Europe,Belgium,BE1,2015,3000666.0,3000666.0,32329.85,1.0
Oman,Eastern Mediterranean,Oman,OM1,2015,2426814.0,1137786.0,10511.0,0.4688393918940636
Verviers,Europe,Belgium,BE3,2015,2441238.2,2441238.0,27419.0,0.9999999180743607
Kremenchug,Europe,Ukraine,UAN02,2015,238829.0,181892.0,448.07,0.7615993032671912
Zaporizhye,Europe,Ukraine,UAN05,2015,125724.0,125482.0,420.0,0.9980751487385066
Ivano-Frankivsk,Europe,Ukraine,UAN06,2015,283573.0,221230.0,585.7,0.7801518480250236
Ilyichevsk,Europe,Ukraine,UAN01,2015,75556.0,73373.0,210.81,0.9711075228969241
Vyshgorod,Europe,Ukraine,UAN04,2015,27100.0,27100.0,49.83,1.0
Borispil,Europe,Ukraine,UAN03,2015,60900.0,40338.0,108.2,0.6623645320197045
Zanzibar,Africa,Tanzania,TZ109,2015,1495498.0,1160405.0,1700.0,0.7759321644027608
Han Pijesak,Europe,Bosnia and Herzegovina,BH0004,2015,3844.0,2138.0,20325.0,0.5561914672216441
Trebinje,Europe,Bosnia and Herzegovina,BH0002,2015,29198.0,26600.0,174.8,0.9110213028289609
Gacko,Europe,Bosnia and Herzegovina,BH0001,2015,9734.0,7812.0,254.0,0.802547770700637
Brod,Europe,Bosnia and Herzegovina,BH0005,2015,17943.0,16150.0,250.0,0.900072451652455
Gornji Ribnik,Europe,Bosnia and Herzegovina,BH0006,2015,6048.0,2500.0,32.7,0.41335978835978837
Prnjavor,Europe,Bosnia and Herzegovina,BH0003,2015,39000.0,21000.0,372.0,0.5384615384615384
Lisakovsk,Europe,Kazakhstan,KZ89,2015,40836.0,40836.0,153.9,1.0
Arachinovo,Europe,North Macedonia,MC0001,2015,12000.0,6000.0,47.0,0.5
Brvenica,Europe,North Macedonia,MC0003,2015,15800.0,13600.0,31.8,0.8607594936708861
Centar Zupa,Europe,North Macedonia,MC0004,2015,6516.0,2800.0,6.5,0.42971147943523635
Debrca,Europe,North Macedonia,MC0006,2015,5507.0,3172.0,105.0,0.575994189213728
Demir Hisar,Europe,North Macedonia,MC0007,2015,9560.0,4700.0,5.8,0.4916317991631799
Demir Kapija,Europe,North Macedonia,MC0008,2015,4623.0,4623.0,16.0,1.0
Dojran,Europe,North Macedonia,MC0009,2015,3426.0,2474.0,33.7,0.7221249270286048
Gevgelija,Europe,North Macedonia,MC0010,2015,22988.0,22108.0,97.0,0.9617191578214721
Jegunovce,Europe,North Macedonia,MC0011,2015,10790.0,5623.0,60.0,0.5211306765523633
Konce,Europe,North Macedonia,MC0012,2015,3532.0,3532.0,15.6,1.0
Kratovo,Europe,North Macedonia,MC0013,2015,10441.0,10200.0,140.0,0.9769179197394886
Lozovo,Europe,North Macedonia,MC0014,2015,2581.0,2082.0,11.0,0.8066640836884929
Obleshevo,Europe,North Macedonia,MC0005,2015,6500.0,1500.0,15.0,0.23076923076923078
Plasnica,Europe,North Macedonia,MC0017,2015,6000.0,6000.0,16.0,1.0
Struga,Europe,North Macedonia,MC0020,2015,63500.0,42384.0,180.0,0.6674645669291338
Zrnovci,Europe,North Macedonia,MC0024,2015,3240.0,2760.0,16.0,0.8518518518518519
Vrapchishte,Europe,North Macedonia,MC0022,2015,25400.0,14806.0,42.0,0.5829133858267717
Zelenikovo,Europe,North Macedonia,MC0023,2015,3433.0,2453.0,60.0,0.7145353917856102
Ararti,Africa,Ethiopia,ETAM3,2015,24164.0,23400.0,79.7,0.968382718093031
Bahirdar,Africa,Ethiopia,ET0011,2015,282017.0,188724.0,252.81,0.6691937010889415
Gimbi,Africa,Ethiopia,ET0004,2015,45572.0,25045.2,52.37,0.5495743000087774
Hayk,Africa,Ethiopia,ET0009,2015,23109.0,17344.0,35.45,0.7505300964991994
Hosaena,Africa,Ethiopia,ETSN17,2015,133764.0,69906.0,142.0,0.5226069794563559
Metu,Africa,Ethiopia,ETOR32,2015,42343.0,36260.0,62.2,0.8563398908910563
Mizan,Africa,Ethiopia,ETSN21,2015,64996.0,33025.0,78.0,0.5081081912733091
Robe,Africa,Ethiopia,ETOR37,2015,65284.0,39575.0,55.12,0.6061975369156302
Sheno,Africa,Ethiopia,ETOR42,2015,14117.0,12750.0,56.94,0.9031663951264433
Tepi,Africa,Ethiopia,ETSN24,2015,39743.0,16670.5,58.0,0.4194575145308608
Waja,Africa,Ethiopia,ETTG10,2015,6830.0,6461.0,19.7,0.9459736456808199
Yabelo,Africa,Ethiopia,ETOR47,2015,25725.0,16181.0,51.47,0.6289990281827017
Puerto Cortes,Americas,Honduras,HN12,2015,68260.0,66896.0,285.29,0.9800175798417814
La Romana,Americas,Dominican Republic,DR6108,2015,255700.0,180210.0,302.7,0.7047712162690654
Akre,Eastern Mediterranean,Iraq,IQ005,2015,194160.0,172038.0,708.0,0.8860630407911001
Amedi,Eastern Mediterranean,Iraq,IQ007,2015,80380.0,66747.0,455.0,0.8303931326200548
Bardarash,Eastern Mediterranean,Iraq,IQ008,2015,127450.0,125100.0,208.0,0.9815613966261278
Fayda,Eastern Mediterranean,Iraq,IQ006,2015,172755.0,147537.0,296.0,0.8540244855431102
Kalak,Eastern Mediterranean,Iraq,IQ010,2015,24348.0,23784.0,73.0,0.9768358797437161
Sarsenk,Eastern Mediterranean,Iraq,IQ009,2015,42724.0,41322.0,110.0,0.9671847205317854
Semel,Eastern Mediterranean,Iraq,IQ003,2015,218203.0,215372.0,523.0,0.9870258429077511
Shikhan,Eastern Mediterranean,Iraq,IQ004,2015,195832.0,189397.0,1580.0,0.9671402018056293
Zakho,Eastern Mediterranean,Iraq,IQ002,2015,356578.0,334783.0,854.0,0.9388773283825699
Duhok,Eastern Mediterranean,Iraq,IQ001,2015,461446.0,437721.0,1286.0,0.9485855333018381
Shire Endaslase,Africa,Ethiopia,ETTG9,2015,70753.0,44365.0,84.81,0.6270405495173349
Jablanica,Europe,Bosnia and Herzegovina,BH0010,2015,7900.0,7800.0,24.0,0.9873417721518988
Ilijaš,Europe,Bosnia and Herzegovina,BH0007,2015,16850.0,16850.0,120.0,1.0
Konjic,Europe,Bosnia and Herzegovina,BH0009,2015,16000.0,15000.0,29.5,0.9375
Kiseljak,Europe,Bosnia and Herzegovina,BH0008,2015,20722.0,8739.0,94.0,0.42172570215230193
Asossa,Africa,Ethiopia,ETBG1,2015,46171.0,35000.0,47.28,0.7580515908254098
Harar,Africa,Ethiopia,ETHR1,2015,129000.0,68524.0,70.0,0.5311937984496125
Hawassa,Africa,Ethiopia,ETSN16,2015,303314.0,158130.5,242.13,0.521342569086821
Nekemte,Africa,Ethiopia,ETOR36,2015,110640.0,60840.0,110.1,0.5498915401301518
Adola,Africa,Ethiopia,ETOR2,2015,33740.0,19020.0,51.82,0.5637225844694724
Arba Minch,Africa,Ethiopia,ETSN3,2015,142098.0,60870.0,65.0,0.4283663387239792
