City,Region,Country,Code,Year,Total Population,Served Population,Sewer Length,Percent Served
Gaborone,Africa,Botswana,104,2015,2187477.0,493740.0,1093.0,0.2257120874870913
Lusaka ,Africa,Zambia,211,2015,2246825.0,386454.0,450.0,0.17200004450724912
Oslo,Europe,Norway,7941,2015,680000.0,677500.0,2302.0,0.9963235294117647
Kampala,Africa,Uganda,210,2015,4279210.84,257620.8,528.7,0.060202876098528486
Bac Ninh City,Western Pacific,Vietnam,B03.1.B,2015,178000.0,37800.0,129.8,0.21235955056179776
Ha Noi City,Western Pacific,Vietnam,B01.1.B,2015,28000.0,28000.0,15.0,1.0
Ha Long City,Western Pacific,Vietnam,A09.1.B,2015,163757.0,148757.0,19.95,0.9084008622532167
Da Nang City,Western Pacific,Vietnam,C07.1.B,2015,1029000.0,492430.0,1025.9,0.47855199222546163
Arusha,Africa,Tanzania,TZ001,2015,444365.0,35549.0,46.17,0.07999954991954812
Dodoma,Africa,Tanzania,TZ 4,2015,444490.0,53338.8,81.0,0.12000000000000001
Dar es Salaam,Africa,Tanzania,TZ 5,2015,4592454.0,229622.7,265.0,0.05
Iringa,Africa,Tanzania,TZ 6,2015,152345.0,18281.4,42.99,0.12000000000000001
Mbeya,Africa,Tanzania,TZ 9,2015,413643.0,49637.16,108.0,0.12000000000000001
Morogoro,Africa,Tanzania,TZ 10,2015,362529.0,14501.16,37.85,0.04
Moshi,Africa,Tanzania,TZ 11,2015,205816.0,57628.48,58.5,0.28
Mwanza,Africa,Tanzania,TZ 14,2015,823551.0,41177.55,86.5,0.05
Songea,Africa,Tanzania,TZ 17,2015,218941.0,17515.28,37.0,0.07999999999999999
Tabora,Africa,Tanzania,TZ 19,2015,234598.0,14075.88,20.0,0.06
Da Lat City,Western Pacific,Vietnam,D05.1.B,2015,212000.0,28600.0,131.5,0.1349056603773585
Soc Trang City,Western Pacific,Vietnam,F07.1.B,2015,137899.0,61931.0,117.7,0.44910405441663825
Tanga,Africa,Tanzania,TZ 20,2015,282955.0,28295.5,35.5,0.1
Astana,Europe,Kazakhstan,KZ1,2015,861968.0,549000.0,706.4,0.6369145954374177
Karaganda,Europe,Kazakhstan,KZ2,2015,505433.0,352100.0,691.0,0.6966304139223201
Almaty Oblast,Europe,Kazakhstan,KZ4,2015,170000.0,66600.0,270.2,0.39176470588235296
Semipalatinsk,Europe,Kazakhstan,KZ5,2015,321950.0,116100.0,261.53,0.3606150023295543
Kokshetau,Europe,Kazakhstan,KZ7,2015,145850.0,122791.0,250.98,0.8418992115186836
Ridder,Europe,Kazakhstan,KZ9,2015,58041.0,32539.0,65.0,0.5606209403697386
Ust Kamenogorsk,Europe,Kazakhstan,KZ10,2015,328600.0,244200.0,463.8,0.7431527693244065
Uralsk,Europe,Kazakhstan,KZ11,2015,173763.0,173763.0,362.3,1.0
Kostanai,Europe,Kazakhstan,KZ12,2015,195100.0,153900.0,376.1,0.7888262429523322
Pavlodar,Europe,Kazakhstan,KZ13,2015,336200.0,227900.0,345.2,0.6778703152885187
Shymkent,Europe,Kazakhstan,KZ14,2015,858100.0,416983.0,453.1,0.48593753641766696
Aktyubinsk,Europe,Kazakhstan,KZ15,2015,462000.0,198300.0,497.0,0.4292207792207792
Zyryanovsk,Europe,Kazakhstan,KZ16,2015,38013.0,22229.0,97.46,0.584773630073922
Atyrau,Europe,Kazakhstan,KZ17,2015,216834.0,111100.0,308.56,0.5123735207578147
Taraz,Europe,Kazakhstan,KZ18,2015,356983.0,167474.0,288.56,0.46913718580436603
Ekibastuz,Europe,Kazakhstan,KZ19,2015,155681.0,121684.0,303.64,0.7816239618193613
Kyzylorda,Europe,Kazakhstan,KZ20,2015,182900.0,65102.0,314.23,0.3559431383269546
Petropavlovsk,Europe,Kazakhstan,KZ22,2015,209529.0,122495.0,240.1,0.5846207446224627
Bashkia Puke,Europe,Albania,UM001,2015,5273.67,2620.42,7.0,0.4968873668621662
Sarande,Europe,Albania,UM002,2015,44122.5,33067.0,27.27,0.7494362286815117
Berat Kucove,Europe,Albania,UM006,2015,116689.5,83019.17,154.89,0.7114536440725172
Lezhe,Europe,Albania,UM007,2015,36985.58,35887.42,28.0,0.9703084283117906
Pogradec ,Europe,Albania,UM008,2015,61758.33,44482.67,29.45,0.7202699619630258
Korce,Europe,Albania,UM009,2015,89000.0,84900.0,104.0,0.9539325842696629
Elber ,Europe,Albania,UM010,2015,116000.0,116000.0,139.0,1.0
Shkoder ,Europe,Albania,UM011,2015,75414.0,300.0,22.58,0.0039780412125069615
Vlore,Europe,Albania,UM013,2015,139220.83,38400.75,20.83,0.27582618204474146
Durres ,Europe,Albania,UM014,2015,379000.0,178371.92,160.0,0.4706383113456465
Tirane ,Europe,Albania,UM015,2015,884802.17,644791.17,592.43,0.7287404934822889
Puke,Europe,Albania,UM024,2015,12000.0,250.0,2.0,0.020833333333333332
Shkoder-rural,Europe,Albania,UM026,2015,113814.0,75096.33,150.0,0.6598162791923665
Korce-rural,Europe,Albania,UM028,2015,2580.0,2183.0,6.0,0.8461240310077519
Gjirokaster - rural ,Europe,Albania,UM030,2015,36290.67,14239.83,36.0,0.3923826702565701
Rubik ,Europe,Albania,UM031,2015,7930.75,2225.0,10.5,0.28055354159442675
Mirdite ,Europe,Albania,UM033,2015,9089.0,5261.0,7.16,0.5788315546264715
Fush Arrez ,Europe,Albania,UM034,2015,4800.0,1620.0,6.68,0.3375
Rrogozhine ,Europe,Albania,UM035,2015,21662.92,3413.92,15.0,0.15759278989166745
Fier ,Europe,Albania,UM036,2015,134000.0,83000.0,78.0,0.6194029850746269
Librazhd ,Europe,Albania,UM037,2015,19101.0,16100.0,19.54,0.8428878069211037
Fush-Kruje ,Europe,Albania,UM038,2015,24518.0,8360.0,6.2,0.34097397830165593
Kavaje ,Europe,Albania,UM039,2015,96167.0,23832.0,26.5,0.24781889837470233
Mallakaster ,Europe,Albania,UM040,2015,38852.0,10720.0,9.06,0.2759188716153609
Lushnje,Europe,Albania,UM042,2015,79636.0,40000.0,29.4,0.5022853985634638
Peshkopi ,Europe,Albania,UM046,2015,31000.0,12994.0,22.0,0.41916129032258065
Burrel,Europe,Albania,UM049,2015,22440.0,17800.0,28.0,0.7932263814616756
Tepelene ,Europe,Albania,UM051,2015,16107.0,8791.0,25.5,0.5457875457875457
Erseke ,Europe,Albania,UM053,2015,7575.0,6300.0,10.0,0.8316831683168316
Kukes ,Europe,Albania,UM057,2015,40000.0,25000.0,32.0,0.625
Delvine ,Europe,Albania,UM059,2015,13387.25,6750.0,3.25,0.5042110963790174
Kraste .,Europe,Albania,UM062,2015,17060.0,16000.0,52.3,0.9378663540445487
Kamez Sh.a.,Europe,Albania,UM064,2015,90066.0,20104.0,35.0,0.22321408744698332
Yerevan ,Europe,Armenia,AR1,2015,1200000.0,1036731.5,1170.0,0.8639429166666667
National,Europe,Armenia,AR2,2015,344615.0,280845.0,2191.0,0.8149529184742393
Gyumri,Europe,Armenia,AR3,2015,122382.0,122382.0,332.0,1.0
Vanadzor,Europe,Armenia,AR4,2015,79590.0,63672.0,217.0,0.8
Armavir,Europe,Armenia,AR5,2015,28912.0,22987.0,63100.0,0.7950677919203099
Zvornik,Europe,Bosnia and Herzegovina,BH2,2015,22000.0,22000.0,67.0,1.0
Biha?,Europe,Bosnia and Herzegovina,BH3,2015,58809.0,23958.28,58.5,0.407391385672261
Bosanska Krupa,Europe,Bosnia and Herzegovina,BH4,2015,29659.0,10310.0,34.0,0.3476179237330996
Cazin,Europe,Bosnia and Herzegovina,BH6,2015,66069.0,8000.0,186.0,0.12108553179251993
Gradacac,Europe,Bosnia and Herzegovina,BH7,2015,17500.0,17500.0,44.0,1.0
Hadži?i,Europe,Bosnia and Herzegovina,BH9,2015,27000.0,8992.0,29.9,0.333037037037037
Jaice,Europe,Bosnia and Herzegovina,BH10,2015,25000.0,9000.0,22.0,0.36
Sarajevo,Europe,Bosnia and Herzegovina,BH15,2015,405000.0,320000.0,1300.0,0.7901234567901234
Tuzla,Europe,Bosnia and Herzegovina,BH18,2015,110979.0,86563.0,154.0,0.7799944133574821
Velika Kladuša,Europe,Bosnia and Herzegovina,BH19,2015,8935.0,8935.0,12220.0,1.0
Banja Luka,Europe,Bosnia and Herzegovina,BH21,2015,199191.0,120000.0,393.0,0.6024368570869166
Modri?a,Europe,Bosnia and Herzegovina,BH22,2015,8000.0,8000.0,20.0,1.0
Banovici,Europe,Bosnia and Herzegovina,BH23,2015,7900.0,7133.42,23.0,0.9029645569620254
Braza,Europe,Bosnia and Herzegovina,BH24,2015,8000.0,2399.0,15.0,0.299875
Istocno Sarajevo,Europe,Bosnia and Herzegovina,BH27,2015,20500.0,20500.0,85.02,1.0
Bia?ystok,Europe,Poland,PL1,2015,311000.0,304419.0,619.5,0.9788392282958199
Bielsko-Biala,Europe,Poland,PL2,2015,232694.0,174500.0,1234.7,0.7499119014671629
Bydgoszcz,Europe,Poland,PL3,2015,357652.0,345168.0,860.97,0.9650945611935624
Cz?stochowa,Europe,Poland,PL4,2015,327684.0,258033.0,1230.0,0.7874446112718351
Gda?sk,Europe,Poland,PL5,2015,572944.0,572944.0,1324.68,1.0
Gdynia,Europe,Poland,PL6,2015,380000.0,374300.0,959.4,0.985
Grodzisk Mazowiecki,Europe,Poland,PL7,2015,42485.0,32000.0,181.4,0.7532070142403201
Jastrz?bie Zdrój,Europe,Poland,PL8,2015,97011.0,97011.0,602.32,1.0
Katowice,Europe,Poland,PL9,2015,301834.0,271952.0,732.2,0.9009985621235513
Kraków,Europe,Poland,PL10,2015,762500.0,757200.0,1800.1,0.9930491803278688
Kruszwica,Europe,Poland,PL11,2015,15100.0,15010.0,154.5,0.9940397350993377
Nowy S?cz,Europe,Poland,PL15,2015,92000.0,91000.0,731.3,0.9891304347826086
Ostrów Wielkopolski,Europe,Poland,PL16,2015,72754.0,72754.0,320.5,1.0
Pozna?,Europe,Poland,PL18,2015,771900.0,703973.0,1991.74,0.9120002591009199
Siedlce,Europe,Poland,PL21,2015,93500.0,88100.0,492.0,0.9422459893048128
Sosnowiec,Europe,Poland,PL22,2015,207634.0,197252.3,389.12,0.95
Suwa?ki,Europe,Poland,PL24,2015,69455.0,66562.0,152.6,0.9583471312360521
Szczecin,Europe,Poland,PL25,2015,407133.0,405504.0,884.46,0.9959988504984858
Tarnów,Europe,Poland,PL26,2015,150300.0,137052.0,941.7,0.9118562874251497
Warszawa,Europe,Poland,PL29,2015,2044051.0,2044051.0,3999.4,1.0
W?oc?awek,Europe,Poland,PL30,2015,110266.0,106186.0,298.64,0.962998567101373
Wrze?nia,Europe,Poland,PL31,2015,31600.0,31000.0,149.5,0.9810126582278481
Zielona Góra,Europe,Poland,PL32,2015,124000.0,124000.0,459.1,1.0
?ywiec,Europe,Poland,PL33,2015,98854.0,82000.0,977.3,0.8295061403686245
Zabierzów,Europe,Poland,PL35,2015,24707.0,22484.88,339.0,0.9100611162828348
Abakan,Europe,Russia,20001,2015,179160.0,115519.0,292.3,0.6447812011609735
Anadyr,Europe,Russia,20003,2015,14900.0,14061.0,20.92,0.9436912751677853
Arkhangelsk,Europe,Russia,RU 75,2015,351230.0,219529.0,507.4,0.6250291831563363
Astrakhan,Europe,Russia,20005,2015,531720.0,392686.0,757.6,0.7385202738283307
Barnaul,Europe,Russia,20006,2015,661009.0,556078.0,940.38,0.8412563217747413
Belgorod,Europe,Russia,20007,2015,387090.0,330074.0,729.2,0.8527060890232245
Birobidzhan,Europe,Russia,20008,2015,74560.0,60332.0,102.9,0.8091738197424893
Blagoveschensk,Europe,Russia,20009,2015,224340.0,165522.0,262.5,0.7378175982883124
Bryansk,Europe,Russia,20010,2015,405920.0,230941.0,509.8,0.5689323019314151
Cheboksary,Europe,Russia,20011,2015,481000.0,465000.0,578.9,0.9667359667359667
Chelyabinsk,Europe,Russia,20012,2015,1191990.0,1010555.0,1323.5,0.8477881525851727
Cherkessk,Europe,Russia,20013,2015,123130.0,87726.0,139.4,0.7124664988223829
Chita,Europe,Russia,20014,2015,343510.0,193562.0,360.8,0.5634828680387761
Ekaterinburg,Europe,Russia,20016,2015,1444440.0,1366989.0,1367.5,0.9463799119381906
Elista,Europe,Russia,20017,2015,104010.0,76206.0,114.9,0.732679550043265
Gorno-Altaysk,Europe,Russia,20018,2015,62860.0,20777.0,33.7,0.3305281578110086
Irkutsk,Europe,Russia,20019,2015,623420.0,418460.0,845.0,0.6712328767123288
Ivanovo,Europe,Russia,20020,2015,409000.0,271700.0,563.42,0.6643031784841076
Izhevsk,Europe,Russia,20021,2015,701017.0,644460.0,663.9,0.9193215000492142
Kaliningrad,Europe,Russia,20022,2015,459560.0,399666.0,684.2,0.8696709896422665
Kaluga,Europe,Russia,20023,2015,341990.0,324212.0,548.4,0.9480160238603468
Kazan,Europe,Russia,20024,2015,1216970.0,983320.0,1297.8,0.8080067709146487
Kemerovo,Europe,Russia,20025,2015,553080.0,471329.0,608.0,0.852189556664497
Khabarovsk,Europe,Russia,20026,2015,611160.0,503355.0,699.9,0.8236059297074416
Khanty-Mansiysk,Europe,Russia,20027,2015,96940.0,49685.0,107.7,0.5125335258923045
Kirov,Europe,Russia,20028,2015,496990.0,475448.0,576.3,0.9566550634821627
Kostroma,Europe,Russia,20029,2015,276690.0,244088.0,389.0,0.882171383136362
Krasnodar,Europe,Russia,20030,2015,853850.0,686130.0,1046.7,0.8035720559817298
Krasnoyarsk,Europe,Russia,20031,2015,1066930.0,918449.0,1083.75,0.8608334192496228
Kurgan,Europe,Russia,20033,2015,325190.0,276309.0,390.9,0.849684799655586
Kursk,Europe,Russia,20034,2015,443210.0,352876.0,423.8,0.7961823966065747
Kyzyl,Europe,Russia,20035,2015,115870.0,70788.0,93.3,0.6109260378009839
Lipetsk,Europe,Russia,20036,2015,510020.0,449924.0,892.4,0.8821693266930709
Magadan,Europe,Russia,20037,2015,92080.0,86248.0,182.3,0.9366637706342311
Maikop,Europe,Russia,20038,2015,166989.0,85351.0,216.5,0.5111174987574032
Makhachkala,Europe,Russia,20039,2015,587880.0,295752.0,473.0,0.5030822616860584
Moscow,Europe,Russia,20040,2015,12179140.0,11896348.0,8344.7,0.976780626546702
Murmansk,Europe,Russia,20041,2015,305804.0,298205.0,293.4,0.9751507501536932
Nalchik,Europe,Russia,20042,2015,239040.0,164500.0,355.8,0.688169344042838
Naryan-Mar,Europe,Russia,20043,2015,24540.0,12672.0,34.5,0.5163814180929095
Nizhni Novgorod,Europe,Russia,20045,2015,1286129.0,1239922.0,1429.1,0.9640728107367146
Novgorod,Europe,Russia,20046,2015,221870.0,121295.0,417.2,0.5466940100058593
Novosibirsk,Europe,Russia,20047,2015,1642981.0,1642981.0,1629.0,1.0
Omsk,Europe,Russia,20048,2015,1178080.0,931720.0,1308.4,0.7908800760559554
Orenburg,Europe,Russia,20049,2015,575590.0,487090.0,775.16,0.8462447228061641
Oryol,Europe,Russia,20050,2015,319650.0,284980.0,408.2,0.8915376192710778
Penza,Europe,Russia,20052,2015,524630.0,350049.0,562.9,0.6672302384537674
Perm,Europe,Russia,RU 57,2015,1041880.0,881103.0,1179.0,0.8456856835720045
Petropavlovsk-Kamchatsky,Europe,Russia,20054,2015,180960.0,163571.0,321.3,0.903906940760389
Petrozavodsk,Europe,Russia,RU 78,2015,277110.0,235923.0,359.3,0.8513694922593916
Pskov,Europe,Russia,20056,2015,226311.0,215880.0,360.2,0.9539085594602118
Rostov-na-Donu,Europe,Russia,20057,2015,1119880.0,913821.0,1400.3,0.8159990356109583
Ryazan,Europe,Russia,20058,2015,534760.0,438024.0,723.5,0.8191038970753235
Salekhard,Europe,Russia,20059,2015,48470.0,40283.0,72.1,0.8310913967402517
Samara,Europe,Russia,20060,2015,1170910.0,1048191.0,1410.4,0.8951934819926382
Saransk,Europe,Russia,20061,2015,300280.0,288650.0,383.2,0.9612694818169708
Saratov,Europe,Russia,20062,2015,843460.0,544340.0,945.14,0.6453655182225595
Smolensk,Europe,Russia,20063,2015,328910.0,292495.0,424.2,0.889285822869478
St.Petersburg,Europe,Russia,20064,2015,5225690.0,4793658.0,8906.1,0.9173253675591166
Stavropol,Europe,Russia,20065,2015,429800.0,336010.0,346.6,0.7817822242903676
Syktyvkar,Europe,Russia,20066,2015,243540.0,179029.0,404.5,0.7351112753551778
Tambov,Europe,Russia,20067,2015,341683.0,273098.0,474.5,0.799273010363407
Tomsk,Europe,Russia,20068,2015,569290.0,465529.0,584.0,0.8177361274570079
Tula,Europe,Russia,20069,2015,487800.0,403300.0,510.97,0.8267732677326773
Tver,Europe,Russia,20071,2015,416440.0,365490.0,499.4,0.8776534434732495
Tyumen,Europe,Russia,20072,2015,720580.0,567421.0,678.09,0.7874503871880985
Ufa,Europe,Russia,20073,2015,1110980.0,799813.0,918.0,0.7199166501647194
Ulan-Ude,Europe,Russia,20074,2015,567300.0,254144.0,542.43,0.44798871849109817
Ulyanovsk,Europe,Russia,20075,2015,629647.0,571471.0,1306.9,0.9076053725341342
Vladikavkaz,Europe,Russia,20077,2015,307480.0,252934.0,849.8,0.8226030961363341
Vladimir,Europe,Russia,20078,2015,354830.0,327236.0,682.2,0.9222331820871967
Vladivostok,Europe,Russia,20079,2015,606650.0,503093.0,638.7,0.8292969587076569
Volgograd,Europe,Russia,20080,2015,1016140.0,587500.0,1225.2,0.5781683626271971
Vologda,Europe,Russia,20081,2015,312690.0,244311.0,484.4,0.7813201573443347
Voronezh,Europe,Russia,20082,2015,1032380.0,847807.0,1074.6,0.8212160251070343
Yakutsk,Europe,Russia,20083,2015,303840.0,154329.0,170.1,0.5079285150078989
Yaroslavl,Europe,Russia,20084,2015,606700.0,579803.0,926.9,0.9556667216087028
Yoshkar-Ola,Europe,Russia,20085,2015,265040.0,225770.0,393.2,0.8518336854814368
Yuzhno-Sakhalinsk,Europe,Russia,20086,2015,193670.0,150292.0,286.7,0.7760210667630506
Novomoskovsk,Europe,Ukraine,UA9,2015,75300.0,30340.0,106.4,0.40292164674634795
Chernigiv,Europe,Ukraine,UA18,2015,291752.0,231039.0,326.39,0.7919020263785681
Symferopol,Europe,Ukraine,UA23,2015,395300.0,279786.0,476.3,0.7077814318239312
Rivne,Europe,Ukraine,UA90,2015,267883.0,190496.0,274.89,0.711116420228234
Grodno,Europe,Belarus,BY4,2015,365610.0,359140.0,546.5,0.9823035474959656
Baranovichy ,Europe,Belarus,BY6,2015,179122.0,159245.0,240.0,0.8890309398063889
Brest,Europe,Belarus,BY7,2015,340100.0,315590.0,668.0,0.9279329608938548
Mogilev,Europe,Belarus,BY10,2015,359000.0,345000.0,456.2,0.9610027855153204
Koprivnica,Europe,Croatia,CR006,2015,51668.0,30426.0,258.0,0.5888751258032051
Negotino,Europe,North Macedonia,MC1,2015,17406.0,17406.0,50.0,1.0
Radovis,Europe,North Macedonia,MC3,2015,28212.0,23844.0,50.0,0.8451722671203743
Resen,Europe,North Macedonia,MC4,2015,9918.0,9918.0,45.0,1.0
Skopje,Europe,North Macedonia,MC5,2015,568247.0,568247.0,991.0,1.0
Stip,Europe,North Macedonia,MC6,2015,47798.0,46000.0,123.0,0.962383363320641
Derven Veles,Europe,North Macedonia,MC8,2015,50000.0,50000.0,50.83,1.0
Berovo,Europe,North Macedonia,MC9,2015,12714.0,10879.0,55.0,0.8556709139531226
Gostivar,Europe,North Macedonia,MC12,2015,67240.0,26973.0,33.0,0.40114515169541937
Kavadarci,Europe,North Macedonia,MC13,2015,38741.0,38741.0,47.0,1.0
Ko?ani,Europe,North Macedonia,MC14,2015,38494.0,36628.0,70.9,0.9515249129734504
Kumanovo,Europe,North Macedonia,MC15,2015,115000.0,85000.0,142.0,0.7391304347826086
Grozny,Europe,Russia,RU001,2015,583020.0,245414.0,578.2,0.4209358169531062
Shklov,Europe,Belarus,BY17,2015,10900.0,10900.0,75.0,1.0
Polotsk,Europe,Belarus,BY19,2015,110000.0,70200.0,163.3,0.6381818181818182
Bobruisk,Europe,Belarus,BY20,2015,218260.0,208000.0,299.5,0.9529918445890223
Anenii Noi,Europe,Moldova,MD1,2015,16600.0,4800.0,93.4,0.2891566265060241
Basarabeasca,Europe,Moldova,MD3,2015,12500.0,3700.0,16.3,0.296
Briceni,Europe,Moldova,MD4,2015,9000.0,4800.0,30.0,0.5333333333333333
Cahul,Europe,Moldova,MD5,2015,48600.0,28850.0,51.6,0.5936213991769548
Cantemir,Europe,Moldova,MD6,2015,5800.0,3200.0,8.9,0.5517241379310345
Caralas,Europe,Moldova,MD7,2015,16600.0,7700.0,44.7,0.463855421686747
Cainari,Europe,Moldova,MD8,2015,19900.0,7500.0,44.9,0.3768844221105528
Chi?in?u,Europe,Moldova,MD10,2015,796000.0,688400.0,1102.4,0.8648241206030151
Ceadir-Lunga,Europe,Moldova,MD11,2015,22900.0,8900.0,83.6,0.388646288209607
Comrat,Europe,Moldova,MD13,2015,26200.0,7500.0,16.4,0.2862595419847328
Cricova,Europe,Moldova,MD14,2015,8800.0,3500.0,11.1,0.3977272727272727
Criuleni,Europe,Moldova,MD15,2015,9700.0,3650.0,24.0,0.37628865979381443
Donduseni,Europe,Moldova,MD16,2015,10450.0,4390.0,15.7,0.4200956937799043
Drochia,Europe,Moldova,MD17,2015,20500.0,9620.0,45.0,0.4692682926829268
Edineti,Europe,Moldova,MD18,2015,29500.0,11100.0,52.7,0.376271186440678
Aukland,Western Pacific,New Zealand,NZ001,2015,1415550.0,1415550.0,7896.0,1.0
Fale?ti,Europe,Moldova,MD19,2015,16900.0,4950.0,31.8,0.29289940828402367
Floreni,Europe,Moldova,MD20,2015,4000.0,1950.0,10.0,0.4875
Flore?ti,Europe,Moldova,MD21,2015,33700.0,10320.0,39.9,0.3062314540059347
Glodeni,Europe,Moldova,MD22,2015,11650.0,5880.0,18.2,0.5047210300429185
Hince?ti,Europe,Moldova,MD23,2015,28700.0,6300.0,26.7,0.21951219512195122
Leova,Europe,Moldova,MD24,2015,10850.0,5000.0,24.2,0.4608294930875576
Lipcani,Europe,Moldova,MD25,2015,5400.0,1600.0,2.8,0.2962962962962963
Nisporeni,Europe,Moldova,MD26,2015,14400.0,3100.0,6.8,0.2152777777777778
Ocnita,Europe,Moldova,MD27,2015,9400.0,3200.0,4.6,0.3404255319148936
Orhei,Europe,Moldova,MD28,2015,33700.0,16200.0,96.6,0.4807121661721068
Otaci,Europe,Moldova,MD29,2015,8400.0,520.0,3.0,0.06190476190476191
Resina,Europe,Moldova,MD30,2015,15200.0,8800.0,26.0,0.5789473684210527
Riscani,Europe,Moldova,MD31,2015,14300.0,3700.0,20.7,0.25874125874125875
Sinjerei,Europe,Moldova,MD32,2015,15500.0,3900.0,9.4,0.25161290322580643
?old?ne?ti,Europe,Moldova,MD33,2015,7500.0,3200.0,20.0,0.4266666666666667
Soroca,Europe,Moldova,MD34,2015,37600.0,19550.0,53.4,0.5199468085106383
Stefan-Vod?,Europe,Moldova,MD36,2015,8550.0,4800.0,24.6,0.5614035087719298
Stra?eni,Europe,Moldova,MD37,2015,20700.0,7600.0,42.2,0.3671497584541063
Taraclia,Europe,Moldova,MD38,2015,14900.0,4400.0,13.4,0.2953020134228188
Telene?ti,Europe,Moldova,MD39,2015,9900.0,1700.0,14.8,0.1717171717171717
Ungheni,Europe,Moldova,MD40,2015,38400.0,20600.0,66.0,0.5364583333333334
Vulcane?ti,Europe,Moldova,MD41,2015,17000.0,3900.0,17.6,0.22941176470588234
Gantsevichy,Europe,Belarus,BY29,2015,26000.0,10900.0,87.6,0.41923076923076924
Glubokoe,Europe,Belarus,BY30,2015,22000.0,12500.0,29.5,0.5681818181818182
Gorodok,Europe,Belarus,BY31,2015,10500.0,8523.0,71.6,0.8117142857142857
Sofia,Europe,Bulgaria,BG1,2015,1319804.0,1270971.0,1677.0,0.9629998090625578
Stara Zagora,Europe,Bulgaria,BG19,2015,364318.0,228200.0,372.0,0.6263758584533292
Targovishte,Europe,Bulgaria,BG20,2015,85054.0,45161.0,116.0,0.5309685611493874
DWASA. Dhaka & Naryanganj,South-East Asia,Bangladesh,BD10,2015,15000000.0,4500000.0,916.0,0.3
Malaya Gorka,Europe,Belarus,BY23,2015,50340.0,29000.0,278.41,0.576082638061184
Dubrovno ,Europe,Belarus,BY32,2015,7800.0,3200.0,6.88,0.41025641025641024
Mozyr ,Europe,Belarus,BY34,2015,129000.0,112500.0,414.16,0.872093023255814
Mosty,Europe,Belarus,BY35,2015,20842.0,12677.0,67.8,0.6082429709240956
Pinsk,Europe,Belarus,BY36,2015,138415.0,121484.0,168.53,0.8776794422569808
Rogachev,Europe,Belarus,BY37,2015,10000.0,10000.0,104.7,1.0
Sharkovchina,Europe,Belarus,BY39,2015,6480.0,3600.0,23.9,0.5555555555555556
Ulaan Baatar,Western Pacific,Mongolia,MN1,2015,563764.5,563764.5,168.2,1.0
Wroc?aw,Europe,Poland,PL38,2015,635759.0,589717.0,1681.78,0.9275794758705735
Almaty,Europe,Kazakhstan,KZ23-1,2015,1703482.0,1252229.62,1557.52,0.7351000010566593
Bogdanci,Europe,North Macedonia,MC16,2015,6449.0,6449.0,40.0,1.0
Ilinden,Europe,North Macedonia,MC20,2015,15894.0,2395.0,15.0,0.15068579338115012
Ki?evo,Europe,North Macedonia,MC21,2015,57211.0,33961.0,141.9,0.593609620527521
Kruševo,Europe,North Macedonia,MC23,2015,9684.0,5330.0,17.0,0.5503923998347791
Peh?evo,Europe,North Macedonia,MC24,2015,3050.0,3000.0,10.0,0.9836065573770492
Vasilevo ,Europe,North Macedonia,MC26,2015,2314.0,216.0,7.0,0.09334485738980121
Beheira,Eastern Mediterranean,Egypt,EG5,2015,5673409.0,1722064.0,1719.37,0.3035324969520089
Dakahlia,Eastern Mediterranean,Egypt,EG7,2015,6119322.0,5957487.0,3513.97,0.9735534426853171
Sharqia,Eastern Mediterranean,Egypt,EG8,2015,6500000.0,2358151.0,1641.0,0.36279246153846156
?aška,Europe,North Macedonia,MC31,2015,7870.0,3100.0,23.2,0.39390088945362134
Novaci Mogila,Europe,North Macedonia,MC33,2015,1526.0,221.0,13.0,0.14482306684141547
Probistip,Europe,North Macedonia,MC35,2015,16193.0,13310.0,22.8,0.8219601062187365
Rankovce,Europe,North Macedonia,MC36,2015,3000.0,1460.0,12.5,0.4866666666666667
Rosoman,Europe,North Macedonia,MC37,2015,3986.0,3798.0,15.5,0.9528349222277973
Vev?ani,Europe,North Macedonia,MC38,2015,2600.0,2200.0,33.0,0.8461538461538461
Vinica,Europe,North Macedonia,MC39,2015,12607.0,12517.0,41.24,0.9928611089077497
Prilep,Europe,North Macedonia,MC40,2015,75973.0,70300.0,221.0,0.925328735208561
Pristina,Europe,Kosovo,XK1,2015,522170.0,466637.54,340.0,0.8936506118696975
Prizen,Europe,Kosovo,XK2,2015,345367.0,199475.59,270.0,0.577575709317914
Peje,Europe,Kosovo,XK3,2015,227062.0,86520.52,129.0,0.3810435916181484
Mitrovica,Europe,Kosovo,XK4,2015,198876.0,102385.9,216.0,0.5148228041593756
Gjakove,Europe,Kosovo,XK5,2015,155721.0,95592.85,81.0,0.613872566962709
Ferizai,Europe,Kosovo,XK6,2015,147574.0,117384.88,222.0,0.7954306314120374
Gjilan,Europe,Kosovo,XK7,2015,176433.0,90654.97,210.0,0.5138209405269989
Leskovac,Europe,Serbia,7204752,2015,144206.0,61763.0,160.0,0.42829701954148924
Raška,Europe,Serbia,7176872,2015,27500.0,15000.0,10.0,0.5454545454545454
Sjenica,Europe,Serbia,7175213,2015,26067.0,8150.0,43.0,0.31265584839068555
Novi Sad,Europe,Serbia,8041083,2015,397370.0,320430.0,753.68,0.8063769283035962
Vrbas,Europe,Serbia,21123269,2015,40634.0,14346.0,72.0,0.35305409263178616
Becej,Europe,Serbia,8069921,2015,34378.0,13000.0,65.0,0.3781488161033219
Svilajnac,Europe,Serbia,7253931,2015,18767.0,9902.0,140.0,0.5276282836894549
Subotica,Europe,Serbia,8065195,2015,141554.0,74816.0,283.0,0.528533280585501
Sremska Mitrovica,Europe,Serbia,8234779,2015,40900.0,40900.0,132.0,1.0
Horgoš,Europe,Serbia,8025355,2015,15299.0,15299.0,81.0,1.0
Ba?,Europe,Serbia,8012644,2015,15000.0,5000.0,42.36,0.3333333333333333
Kladovo,Europe,Serbia,7213573,2015,19700.0,13000.0,49.56,0.6598984771573604
Niš,Europe,Serbia,7211856,2015,257883.0,182166.0,505.0,0.7063901071416108
Surdulica,Europe,Serbia,7180101,2015,20265.0,12802.0,67.0,0.6317295830249198
Suva,Western Pacific,Fiji,PWWA3,2015,170000.0,155170.0,723.0,0.9127647058823529
Bairiki,Western Pacific,Republic Of Kiribati,PWWA10,2015,52618.0,18360.0,58.0,0.3489300239461781
Majuro,Western Pacific,Marshall Islands,PWWA15,2015,27791.0,16695.0,16.9,0.6007340505919182
"RMI-Kwajalein, Marshall Islands",Western Pacific,Marshall Islands,PWWA23,2015,10200.0,10200.0,4.0,1.0
"Chuuk, Weno Island",Western Pacific,Federated States Of Micronesia,PWWA4,2015,13856.0,2442.0,21.4,0.17624133949191687
Kosrae State,Western Pacific,Federated States Of Micronesia,PWWA5,2015,8000.0,2550.0,9.66,0.31875
"Kolonia, Pohnpei",Western Pacific,Federated States Of Micronesia,PWWA6,2015,7625.23,4938.0,18.83,0.6475870236045339
Port Moresby City,Western Pacific,Papua New Guinea,PWWA2,2015,143496.0,143496.0,449.0,1.0
Nationwide mandate ex. Port Morsbey,Western Pacific,Papua New Guinea,PWWA13,2015,222000.0,24256.0,137.0,0.10926126126126126
Apia,Western Pacific,Samoa,PWWA18,2015,10000.0,647.0,8.9,0.0647
Guadalcanal Province,Western Pacific,Solomon Islands,PWWA19,2015,75808.0,6888.0,36.33,0.09086112283663993
Plovdiv,Europe,Bulgaria,BG02,2015,675586.0,490579.0,668.0,0.7261532950653211
Dobrich,Europe,Bulgaria,BG03,2015,186357.0,97500.0,243.0,0.5231893623529033
Varna,Europe,Bulgaria,BG04,2015,510605.0,381180.0,840.0,0.7465261797279698
Burgas,Europe,Bulgaria,BG05,2015,415817.0,320000.0,758.0,0.769569305728241
Shumen,Europe,Bulgaria,BG06,2015,198232.0,123950.0,203.0,0.6252774526817063
Pleven,Europe,Bulgaria,BG07,2015,242772.0,127385.0,296.0,0.52471042789119
Khaskovo,Europe,Bulgaria,BG08,2015,170390.0,118764.0,227.0,0.6970127354891719
Sliven,Europe,Bulgaria,BG09,2015,191185.0,47210.0,153.0,0.24693359834715067
Ruse,Europe,Bulgaria,BG010,2015,228129.0,140894.0,313.0,0.6176067049783237
Dunav,Europe,Bulgaria,BG023,2015,107683.0,53422.0,128.0,0.49610430615788936
Vratsa,Europe,Bulgaria,BG024,2015,188772.0,106121.0,270.0,0.5621649397156357
Sofiya,Europe,Bulgaria,BG025,2015,214314.0,147201.0,440.0,0.686847336151628
Yambol,Europe,Bulgaria,BG026,2015,125724.0,82118.0,131.0,0.6531608921128822
Silistra,Europe,Bulgaria,BG027,2015,114659.0,68482.0,106.0,0.597266677713917
Montana,Europe,Bulgaria,BG028,2015,70284.0,59682.0,192.0,0.8491548574355472
Trnovo,Europe,Bulgaria,BG029,2015,208208.0,122842.0,294.0,0.5899965419196188
Lovech,Europe,Bulgaria,BG011,2015,101626.0,36101.0,93.87,0.3552338968374235
Pazardzhik,Europe,Bulgaria,BG012,2015,142195.0,75598.0,131.94,0.5316501986708393
Smolyan,Europe,Bulgaria,BG013,2015,113984.0,79142.0,136.0,0.6943255193711398
Pernik,Europe,Bulgaria,BG014,2015,127048.0,94106.0,287.44,0.7407121717775959
Vidin,Europe,Bulgaria,BG015,2015,116726.0,53244.0,69.0,0.45614516046125114
Dimitrovgrad,Europe,Bulgaria,BG017,2015,61000.0,45000.0,105.0,0.7377049180327869
Kyustendil,Europe,Bulgaria,BG018,2015,84170.0,48564.0,139.0,0.5769751693002257
Krdzhali,Europe,Bulgaria,BG019,2015,160238.0,62869.0,118.0,0.3923476328960671
Blagoyevgrad,Europe,Bulgaria,BG021,2015,261390.0,199387.0,374.56,0.7627950571942308
Gabrovo,Europe,Bulgaria,BG022,2015,79613.0,65760.0,165.0,0.825995754462211
Zrenjanin,Europe,Serbia,8049637,2015,119710.0,92710.0,394.0,0.7744549327541559
Kraljevo,Europe,Serbia,7190891,2015,81500.0,75000.0,191.36,0.9202453987730062
Užice,Europe,Serbia,7258160,2015,75805.0,62110.0,109.0,0.8193390937273267
Kruševac,Europe,Serbia,7145837,2015,124795.0,78000.0,214.0,0.6250250410673505
Valjevo,Europe,Serbia,7136277,2015,90000.0,63000.0,138.0,0.7
Para?in,Europe,Serbia,7115911,2015,56397.0,32532.0,156.0,0.5768391935741263
Vranje,Europe,Serbia,7226560,2015,85497.0,58108.0,123.0,0.6796495783477783
Kula,Europe,Serbia,8004790,2015,19500.0,14336.0,30.0,0.7351794871794872
Aleksandrovac,Europe,Serbia,7100124,2015,26534.0,9268.0,51.0,0.3492877063390367
ViK Bar,Europe,Montenegro,ME1,2015,42368.0,21001.0,71.0,0.4956807024169184
Kotor,Europe,Montenegro,ME2,2015,22799.0,10473.0,43.0,0.4593622527303829
Ohrid - Wastewater,Europe,North Macedonia,MC2-1,2015,55749.0,50000.0,156.0,0.8968770740282337
Želino,Europe,North Macedonia,MC43,2015,24500.0,10749.0,33.0,0.43873469387755104
Kriva Palanka,Europe,North Macedonia,MC44,2015,20820.0,15760.0,13.0,0.7569644572526417
Choloma,Americas,Honduras,HN10,2015,171185.0,79972.2,358.0,0.46716826824780205
Siguatepeque,Americas,Honduras,HN06,2015,76302.0,35761.0,42.0,0.4686770988964903
Kempton Park,Africa,South Africa,SA03,2015,2664919.4,1321991.0,9210.0,0.49607166355575333
Saran,Europe,Kazakhstan,KZ90,2015,50611.0,20347.0,51.2,0.40202722728260654
Stepnogorsk,Europe,Kazakhstan,KZ002,2015,49730.0,49725.0,131.64,0.9998994570681681
Vršac,Europe,Serbia,8010072,2015,51217.0,35701.0,103.0,0.6970537126344768
Vlasotince,Europe,Serbia,17224247,2015,21000.0,15882.0,46.0,0.7562857142857143
Zaje?ar,Europe,Serbia,7183372,2015,56714.0,35000.0,79.0,0.6171315724512466
Bajina Bašta,Europe,Serbia,20104376,2015,11000.0,9000.0,28.0,0.8181818181818182
Bijelo Polje,Europe,Montenegro,ME3,2015,46051.0,15107.0,47.0,0.3280493366050683
Herceg Novi,Europe,Montenegro,ME6,2015,30992.0,18821.0,95.0,0.6072857511615901
Vrnja?ka Banja,Europe,Serbia,17620983,2015,27527.0,12190.0,59.64,0.44283794093072254
Aran?elovac,Europe,Serbia,7113323,2015,44823.0,31101.0,109.0,0.6938625259353457
Ada,Europe,Serbia,8137005,2015,15573.0,1863.0,24.0,0.11963012906954344
Aleksinac,Europe,Serbia,20274301,2015,51900.0,19000.0,45.0,0.36608863198458574
Beograd,Europe,Serbia,7018762,2015,1518800.0,1215040.0,2430.0,0.8
Beo?in,Europe,Serbia,8028362,2015,13380.0,8900.0,60.0,0.6651718983557549
Boljevac,Europe,Serbia,7183267,2015,4000.0,3455.0,8.5,0.86375
Bela Palanka,Europe,Serbia,7306890,2015,8315.0,7500.0,40.0,0.9019843656043295
Brus,Europe,Serbia,7262957,2015,10200.0,6000.0,15.0,0.5882352941176471
Kragujevac,Europe,Serbia,7165439,2015,160000.0,54030.0,450.0,0.3376875
Ku?evo,Europe,Serbia,7323824,2015,141929.0,3600.0,19.0,0.025364795073593134
Ljig,Europe,Serbia,7099240,2015,9409.0,3100.0,14.0,0.3294717823360612
Kni?,Europe,Serbia,7329733,2015,14048.0,391.0,5.7,0.027833143507972665
Lebane,Europe,Serbia,17547496,2015,22500.0,12500.0,40.0,0.5555555555555556
Knjaževac,Europe,Serbia,7208324,2015,20259.0,17229.0,48.0,0.8504368428846438
Lazarevac,Europe,Serbia,7013922,2015,62000.0,21722.0,100.0,0.35035483870967743
Kosjeri?,Europe,Serbia,7110111,2015,12000.0,3700.0,19.0,0.30833333333333335
Novi Pazar,Europe,Serbia,7194129,2015,100410.0,71145.0,125.0,0.7085449656408724
Prijepolje,Europe,Serbia,7190175,2015,35818.0,11000.0,60.0,0.307108157909431
Obrenovac,Europe,Serbia,20234806,2015,72323.0,34088.0,123.0,0.4713300056690126
Ra?a,Europe,Serbia,7365292,2015,11950.0,3680.0,40.0,0.3079497907949791
Ražanj,Europe,Serbia,7675216,2015,8468.0,1100.0,8.0,0.12990080302314597
Opština Požega,Europe,Serbia,7239408,2015,18500.0,7000.0,30.0,0.3783783783783784
Rekovac,Europe,Serbia,21063975,2015,11055.0,1236.0,8.0,0.1118046132971506
Trgovište,Europe,Serbia,7366612,2015,4056.0,1800.0,18.0,0.4437869822485207
Svrljig,Europe,Serbia,7349955,2015,8172.0,6378.0,36.0,0.7804698972099853
Plandište,Europe,Serbia,8049599,2015,11334.0,726.0,1.4,0.06405505558496559
Trstenik,Europe,Serbia,7154780,2015,42989.0,12943.0,33.0,0.30107701970271467
Pirot,Europe,Serbia,7131518,2015,57911.0,47000.0,136.0,0.8115901987532593
Opovo,Europe,Serbia,8143099,2015,10073.0,550.0,1.5,0.0546014097091234
Gornji Milanovac,Europe,Serbia,7192819,2015,48500.0,25320.0,183.0,0.5220618556701031
Vladimirci,Europe,Serbia,7347189,2015,15500.0,1263.0,12.0,0.08148387096774194
Bijeljina,Europe,Bosnia and Herzegovina,BH60,2015,114663.0,25507.0,47.0,0.22245188072874422
Bosanski Petrovac,Europe,Bosnia and Herzegovina,BH63,2015,7200.0,1750.0,8.51,0.24305555555555555
Gra?anica,Europe,Bosnia and Herzegovina,BH70,2015,13800.0,12701.0,47.7,0.9203623188405797
Kozarska Dubica,Europe,Bosnia and Herzegovina,BH73,2015,22567.0,11767.0,60.0,0.5214250897327957
Mrkonji? Grad,Europe,Bosnia and Herzegovina,BH75,2015,18000.0,10100.0,13.3,0.5611111111111111
Del?evo,Europe,North Macedonia,MC51,2015,17505.0,14905.0,48.5,0.8514710082833477
Sveti Nikole,Europe,North Macedonia,MC56,2015,18600.0,14402.0,28.0,0.7743010752688172
Makedonska Kamenica,Europe,North Macedonia,MC55,2015,7575.0,4600.0,10.6,0.6072607260726073
Nikogradba Bitola,Europe,North Macedonia,MC10-1,2015,92048.0,81190.0,205.0,0.882039805318964
Sopot,Europe,Serbia,7006888,2015,20367.0,4392.0,19.0,0.21564295183384888
Kovin,Europe,Serbia,8252050,2015,14300.0,14300.0,177.0,1.0
?a?ak,Europe,Serbia,7167610,2015,112558.0,76740.0,413.0,0.6817818369196326
Nova Varoš,Europe,Serbia,7210426,2015,16500.0,8700.0,35.0,0.5272727272727272
?oka,Europe,Serbia,8148058,2015,10795.0,4019.0,23.0,0.37230199166280686
?i?evac,Europe,Serbia,7175019,2015,8971.0,560.0,3.0,0.06242336417344778
Ruma,Europe,Serbia,8099545,2015,37583.0,37583.0,107.0,1.0
Golubac,Europe,Serbia,7200579,2015,10500.0,2814.0,15.4,0.268
 ?uprija,Europe,Serbia,21025372,2015,28000.0,19000.0,49.0,0.6785714285714286
Ljubovija,Europe,Serbia,7169027,2015,8500.0,5740.0,16.0,0.6752941176470588
Loznica,Europe,Serbia,7168861,2015,76958.0,27300.0,84.0,0.3547389485173731
Merošina,Europe,Serbia,17040685,2015,13980.0,732.0,12.0,0.05236051502145923
Lu?ani,Europe,Serbia,20932783,2015,11792.0,4519.0,32.0,0.38322591587516963
Medve?a,Europe,Serbia,7360924,2015,3200.0,2700.0,3.0,0.84375
Mionica,Europe,Serbia,7134657,2015,13638.0,2500.0,14.0,0.18331133597301658
Mladenovac,Europe,Serbia,7045859,2015,53906.0,16205.0,58.0,0.30061588691425817
Opština Se?anj,Europe,Serbia,8150346,2015,12419.0,160.0,1.1,0.012883484982687817
Smederevo,Europe,Serbia,7389574,2015,80196.0,56137.0,151.0,0.6999975061100304
Sombor,Europe,Serbia,8046751,2015,85569.0,34370.0,135.0,0.4016641540744896
Šabac,Europe,Serbia,7168683,2015,122843.0,48885.0,178.0,0.39794697296549253
Šid,Europe,Serbia,8154929,2015,32409.0,14893.0,60.0,0.45953284581443427
Senta,Europe,Serbia,8139679,2015,22961.0,17000.0,88.0,0.7403858716954836
Novi Grad,Europe,Bosnia and Herzegovina,BH77,2015,28800.0,9520.0,17.2,0.33055555555555555
Tesli?,Europe,Bosnia and Herzegovina,BH80,2015,38536.0,13500.0,24.77,0.3503217770396512
Zavidovi?i,Europe,Bosnia and Herzegovina,BH84,2015,40000.0,6093.0,10.0,0.152325
Laktaši,Europe,Bosnia and Herzegovina,BH74,2015,39311.0,4413.0,40.6,0.11225865533820051
Prijedor,Europe,Bosnia and Herzegovina,BH78,2015,97500.0,36716.0,120.5,0.376574358974359
Doboj,Europe,Bosnia and Herzegovina,BH69,2015,71411.0,29000.0,36.0,0.4060999005755416
G.Vakuf-Uskoplje,Europe,Bosnia and Herzegovina,BH107,2015,12300.0,6400.0,10.0,0.5203252032520326
Srbac,Europe,Bosnia and Herzegovina,BH104,2015,19001.0,4816.0,14.5,0.2534603441924109
Kotor Varoš,Europe,Bosnia and Herzegovina,BH106,2015,16900.0,6500.0,25.0,0.38461538461538464
Bratunac,Europe,Bosnia and Herzegovina,BH94,2015,20000.0,7000.0,25.0,0.35
Gradiška,Europe,Bosnia and Herzegovina,BH93,2015,53000.0,15240.0,38.3,0.2875471698113208
Požarevac,Europe,Serbia,17223810,2015,75354.0,40000.0,105.0,0.5308278259946386
Ivanjica,Europe,Serbia,7216840,2015,32047.0,9750.0,32.28,0.30424064655037913
Preševo,Europe,Serbia,6389309,2015,29744.0,14300.0,68.0,0.4807692307692308
Ashburton,Western Pacific,New Zealand,NZ002,2015,31041.0,20675.0,172.31,0.6660545729841177
Alexandra,Western Pacific,New Zealand,NZ009,2015,17895.0,14725.0,228.38,0.822855546241967
Christchurch,Western Pacific,New Zealand,NZ007,2015,367800.0,339879.0,2028.28,0.9240864600326264
Balclutha,Western Pacific,New Zealand,NZ008,2015,16890.0,9852.0,165.9,0.583303730017762
Dunedin,Western Pacific,New Zealand,NZ010,2015,120246.0,108867.0,838.73,0.9053689935631954
Gore,Western Pacific,New Zealand,NZ011,2015,12033.0,11254.0,104.0,0.9352613645807363
Hamilton,Western Pacific,New Zealand,NZ015,2015,153000.0,141607.0,818.0,0.9255359477124183
Paeroa,Western Pacific,New Zealand,NZ013,2015,17811.0,13272.0,160.0,0.7451574869462692
Levin,Western Pacific,New Zealand,NZ014,2015,30096.0,28056.0,230.0,0.9322169059011164
Lower Hutt ,Western Pacific,New Zealand,NZ003,2015,98238.0,94983.0,671.0,0.966866182129115
Invercargill,Western Pacific,New Zealand,NZ016,2015,51696.0,50525.0,370.24,0.9773483441658929
Dargaville,Western Pacific,New Zealand,NZ017,2015,4251.0,4251.0,45.05,1.0
Paraparaumu,Western Pacific,New Zealand,NZ018,2015,49104.0,44359.0,256.6,0.9033683610296513
Fairlie,Western Pacific,New Zealand,NZ019,2015,4158.0,4158.0,78.3,1.0
Blenheim,Western Pacific,New Zealand,NZ020,2015,43416.0,33499.0,305.0,0.771581905288373
New Plymouth,Western Pacific,New Zealand,NZ021,2015,74187.0,59525.0,467.0,0.8023642956313101
Palmerston North,Western Pacific,New Zealand,NZ022,2015,80079.0,64106.0,414.0,0.8005344722086939
Porirua,Western Pacific,New Zealand,NZ004,2015,51717.0,51717.0,414.0,1.0
Rotorua,Western Pacific,New Zealand,NZ023,2015,65280.0,65280.0,548.0,1.0
Taumarunui,Western Pacific,New Zealand,NZ024,2015,11844.0,9243.0,104.0,0.7803951367781155
Rolleston,Western Pacific,New Zealand,NZ025,2015,44595.0,26515.0,291.54,0.5945733826662182
Hawera,Western Pacific,New Zealand,NZ026,2015,26577.0,15662.5,188.0,0.5893253565112692
Whangarei,Western Pacific,New Zealand,NZ036,2015,85900.0,50365.0,582.0,0.5863213038416764
Whakatane,Western Pacific,New Zealand,NZ041,2015,32691.0,22904.0,182.3,0.7006209660151111
Tauranga,Western Pacific,New Zealand,NZ034,2015,47219.0,20966.4,245.0,0.4440246510938394
Hokitika,Western Pacific,New Zealand,NZ038,2015,8304.0,3953.0,49.52,0.4760356454720617
Wellington,Western Pacific,New Zealand,NZ006,2015,190956.0,181926.0,1065.0,0.9527116194306542
Hawkes Bay,Western Pacific,New Zealand,NZ039,2015,7890.0,4719.0,36.57,0.5980988593155894
Te Awamutu,Western Pacific,New Zealand,NZ040,2015,46668.0,27747.0,255.3,0.5945615839547441
Tokoroa,Western Pacific,New Zealand,NZ027,2015,22071.0,19326.0,167.0,0.8756286529835531
Nelson,Western Pacific,New Zealand,NZ030,2015,47900.0,30123.0,410.0,0.6288726513569938
Rangiora,Western Pacific,New Zealand,NZ037,2015,49989.0,37271.0,309.0,0.7455840284862669
Taupo,Western Pacific,New Zealand,NZ028,2015,32907.0,32907.0,410.0,1.0
Ngaruawahia,Western Pacific,New Zealand,NZ033,2015,63378.0,24143.0,262.0,0.38093660260658274
Upper Hutt,Western Pacific,New Zealand,NZ005,2015,40179.0,40095.0,217.0,0.9979093556335399
Timaru,Western Pacific,New Zealand,NZ032,2015,43929.0,32578.0,344.88,0.7416057729518086
Thames,Western Pacific,New Zealand,NZ031,2015,26178.0,26178.0,392.6,1.0
Tauranga,Western Pacific,New Zealand,NZ029,2015,120819.0,120265.0,849.4,0.9954146284938628
Mariupol,Europe,Ukraine,UA3361508,2015,486140.0,299194.0,703.15,0.6154482247912124
Bashkia Himare,Europe,Albania,UM001a,2015,13500.0,1653.0,3.5,0.12244444444444444
Ternopil,Europe,Ukraine,UA005,2015,224944.0,216518.0,281.22,0.9625417881783911
Cherkasy,Europe,Ukraine,UA0011,2015,284333.0,228848.0,274.29,0.8048590912767776
Aartselaar,Europe,Belgium,BE2,2015,6410705.0,5511383.0,5922.0,0.8597155851033544
Aarhus,Europe,Denmark,DK2,2015,330639.0,330639.0,2770.0,1.0
Odense,Europe,Denmark,DK1,2015,228000.0,223100.0,2307.13,0.9785087719298246
Novi Kneževac,Europe,Serbia,8128260,2015,10461.0,1300.0,14.0,0.12427110218908326
Ba?ka Topola (Moravica),Europe,Serbia,8687617,2015,5100.0,800.0,12.0,0.1568627450980392
Ba?ki Petrovac (Magli?),Europe,Serbia,8213232,2015,2500.0,2500.0,26.0,1.0
Despotovac,Europe,Serbia,7183747,2015,28931.0,4867.0,32.0,0.1682278524765822
Novo MIloševo,Europe,Serbia,8259127,2015,7508.0,2016.0,43.99,0.2685135855087906
Ba?ka Palanka,Europe,Serbia,8081255,2015,56000.0,28240.0,110.0,0.5042857142857143
In?ija,Europe,Serbia,8584885,2015,47433.0,24723.0,69.0,0.5212194042122573
Pan?evo,Europe,Serbia,8487502,2015,76203.0,67000.0,135.0,0.8792304764904268
Krupanj,Europe,Serbia,7314205,2015,17435.0,3280.0,12.0,0.18812733008316604
Kuršumlija,Europe,Serbia,7172818,2015,18700.0,9000.0,44.0,0.48128342245989303
Ba?ki Petrovac (Gloakvalis),Europe,Serbia,8788901,2015,2002.0,900.0,14.0,0.44955044955044954
Majdanpek - Donji Milanovac,Europe,Serbia,20320443,2015,3919.0,120.0,1146.0,0.030620056136769585
Kova?ica,Europe,Serbia,8077690,2015,7500.0,550.0,24.0,0.07333333333333333
Petrovac na Mlavi,Europe,Serbia,7160658,2015,41220.0,8152.0,27.0,0.1977680737506065
Žabari,Europe,Serbia,21064564,2015,11380.0,500.0,5.31,0.043936731107205626
Apatin,Europe,Serbia,8023263,2015,28929.0,17000.0,90.0,0.5876456151266894
Ba?ki Petrovac,Europe,Serbia,8198748,2015,9000.0,1700.0,28.0,0.18888888888888888
Koceljeva,Europe,Serbia,7347103,2015,12331.0,3411.0,16.0,0.27661990106236317
Vladi?in Han,Europe,Serbia,20663901,2015,24000.0,7500.0,25.0,0.3125
Alibunar,Europe,Serbia,8137838,2015,21000.0,6050.0,66.0,0.28809523809523807
Priboj,Europe,Serbia,7155760,2015,27100.0,16000.0,51.5,0.5904059040590406
Varvarin,Europe,Serbia,7218281,2015,20000.0,3000.0,32.0,0.15
?ajetina,Europe,Serbia,20302976,2015,15000.0,10000.0,46.0,0.6666666666666666
Crna Trava,Europe,Serbia,17300806,2015,1663.0,530.0,4.0,0.31870114251352977
Bor,Europe,Serbia,7183453,2015,40000.0,40000.0,40.0,1.0
Crvenka,Europe,Serbia,8005079,2015,8500.0,1757.0,12.0,0.20670588235294118
Grocka,Europe,Serbia,17536320,2015,33000.0,950.0,49.0,0.02878787878787879
Bela Crkva,Europe,Serbia,8677425,2015,12580.0,7720.0,45.0,0.6136724960254372
Ba?ka Topola ,Europe,Serbia,8032874,2015,14900.0,4165.0,16.9,0.2795302013422819
Dimitrovgrad,Europe,Serbia,7299974,2015,9623.0,7051.0,40.0,0.7327236828431882
Bosilegrad,Europe,Serbia,7357362,2015,5000.0,4050.0,35.0,0.81
Mid Glamorgan,Europe,"UK, England and Wales",GB2,2015,3241672.0,3241672.0,36214.0,1.0
Bradford,Europe,"UK, England and Wales",GB1,2015,5159842.0,5037923.0,32148.03,0.9763715633153108
Kremenchug,Europe,Ukraine,UAN02,2015,229457.0,144733.0,255.47,0.6307630623602679
Zaporizhye,Europe,Ukraine,UAN05,2015,71864.0,71864.0,166.9,1.0
Ivano-Frankivsk,Europe,Ukraine,UAN06,2015,284096.0,225926.0,318.2,0.7952452692047759
Ilyichevsk,Europe,Ukraine,UAN01,2015,75556.0,59483.0,113.71,0.7872703689978294
Vyshgorod,Europe,Ukraine,UAN04,2015,27300.0,23950.0,73.85,0.8772893772893773
Borispil,Europe,Ukraine,UAN03,2015,60900.0,36031.0,138.35,0.5916420361247947
Geneve,Europe,Switzerland,CH1,2015,490600.0,488800.0,1212.0,0.9963310232368529
Han Pijesak,Europe,Bosnia and Herzegovina,BH0004,2015,3844.0,1385.0,4900.0,0.36030176899063476
Trebinje,Europe,Bosnia and Herzegovina,BH0002,2015,29198.0,11704.0,35.0,0.4008493732447428
Gacko,Europe,Bosnia and Herzegovina,BH0001,2015,9734.0,4916.0,5.0,0.5050339017875488
Brod,Europe,Bosnia and Herzegovina,BH0005,2015,10584.0,5346.0,19.0,0.5051020408163265
Gornji Ribnik,Europe,Bosnia and Herzegovina,BH0006,2015,6048.0,261.0,3.5,0.043154761904761904
Prnjavor,Europe,Bosnia and Herzegovina,BH0003,2015,39000.0,7000.0,50.11,0.1794871794871795
Lisakovsk,Europe,Kazakhstan,KZ89,2015,40836.0,40836.0,82.7,1.0
Debrca,Europe,North Macedonia,MC0006,2015,5507.0,833.0,12.0,0.1512620301434538
Demir Hisar,Europe,North Macedonia,MC0007,2015,9560.0,2500.0,3.65,0.2615062761506276
Demir Kapija,Europe,North Macedonia,MC0008,2015,3322.0,3322.0,16.0,1.0
Dojran,Europe,North Macedonia,MC0009,2015,3426.0,2474.0,10.44,0.7221249270286048
Gevgelija,Europe,North Macedonia,MC0010,2015,22988.0,20894.0,102.0,0.908908995997912
Konce,Europe,North Macedonia,MC0012,2015,3532.0,3364.0,11.2,0.9524348810872028
Kratovo,Europe,North Macedonia,MC0013,2015,10441.0,8050.0,40.0,0.7709989464610669
Lozovo,Europe,North Macedonia,MC0014,2015,2581.0,1859.0,15.8,0.7202634637737311
Obleshevo,Europe,North Macedonia,MC0005,2015,6500.0,1100.0,3.8,0.16923076923076924
Plasnica,Europe,North Macedonia,MC0017,2015,6000.0,400.0,2.0,0.06666666666666667
Struga,Europe,North Macedonia,MC0020,2015,25680.0,25680.0,47.0,1.0
Zrnovci,Europe,North Macedonia,MC0024,2015,3240.0,3100.0,14.0,0.9567901234567902
Zelenikovo,Europe,North Macedonia,MC0023,2015,3433.0,1501.0,8.0,0.4372269152344888
Puerto Cortes,Americas,Honduras,HN12,2015,68260.0,21820.0,115.0,0.31966012305889246
La Romana,Americas,Dominican Republic,DR6108,2015,17720.0,2180.0,7.09,0.12302483069977427
Moca,Americas,Dominican Republic,DR6107,2015,236390.0,36180.0,80.0,0.15305215956681756
Jablanica,Europe,Bosnia and Herzegovina,BH0010,2015,5600.0,5600.0,14.0,1.0
Ilijaš,Europe,Bosnia and Herzegovina,BH0007,2015,15000.0,14187.0,30.0,0.9458
Konjic,Europe,Bosnia and Herzegovina,BH0009,2015,10500.0,8435.0,23.0,0.8033333333333333
Kiseljak,Europe,Bosnia and Herzegovina,BH0008,2015,20722.0,5289.0,25.0,0.25523598108290707
